преобр_зить;а;а,о,ё,я;3.7.2 Правописание гласных и согласных в корне
экз_менатор;а;а,о,ё,я;3.7.2 Правописание гласных и согласных в корне
изб_ратель;и;и,ы,е;3.7.2 Правописание гласных и согласных в корне
мат_риал;е;е,и,ы;3.7.2 Правописание гласных и согласных в корне
ухв_титься;а;а,о,ё,я;3.7.2 Правописание гласных и согласных в корне
г_ревать;о;о,а,ё,ы;3.7.2 Правописание гласных и согласных в корне
препод_ватель;а;а,о,ё,я;3.7.2 Правописание гласных и согласных в корне
сбал_нсированный;а;а,о,ё,я;3.7.2 Правописание гласных и согласных в корне
абон_мент;е;е,и,ы;3.7.2 Правописание гласных и согласных в корне
мех_нический;а;а,о,ё,я;3.7.2 Правописание гласных и согласных в корне
просл_влять;а;а,о,ё,я;3.7.2 Правописание гласных и согласных в корне
воссоед_нение;и;и,ы,е;3.7.2 Правописание гласных и согласных в корне
ди_лог;а;а,о,ё,я;3.7.2 Правописание гласных и согласных в корне
зам_чание;е;е,и,ы;3.7.2 Правописание гласных и согласных в корне
выск_чить;о;о,а,ё,ы;3.7.2 Правописание гласных и согласных в корне
г_рделивый;о;о,а,ё,ы;3.7.2 Правописание гласных и согласных в корне
интелл_ктуальный;е;е,и,ы;3.7.2 Правописание гласных и согласных в корне
благосл_вить;о;о,а,ё,ы;3.7.2 Правописание гласных и согласных в корне
обог_щение;а;а,о,ё,я;3.7.2 Правописание гласных и согласных в корне
отн_шение;о;о,а,ё,ы;3.7.2 Правописание гласных и согласных в корне
в_ртуозный;и;и,ы,е;3.7.2 Правописание гласных и согласных в корне
г_сударственный;о;о,а,ё,ы;3.7.2 Правописание гласных и согласных в корне
л_петать;е;е,и,ы;3.7.2 Правописание гласных и согласных в корне
з_рнистый;е;е,и,ы;3.7.2 Правописание гласных и согласных в корне
незн_комец;а;а,о,ё,я;3.7.2 Правописание гласных и согласных в корне
асф_льтированный;а;а,о,ё,я;3.7.2 Правописание гласных и согласных в корне
др_мота;е;е,и,ы;3.7.2 Правописание гласных и согласных в корне
оч_ртить;е;е,и,ы;3.7.2 Правописание гласных и согласных в корне
дезор_ентировать;и;и,ы,е;3.7.2 Правописание гласных и согласных в корне
отр_хнуть;я;я,е,а,о;3.7.2 Правописание гласных и согласных в корне
упр_стить;о;о,а,ё,ы;3.7.2 Правописание гласных и согласных в корне
бл_стящий;е;е,и,ы;3.7.2 Правописание гласных и согласных в корне
вел_чайший;и;и,ы,е;3.7.2 Правописание гласных и согласных в корне
осл_плённый;е;е,и,ы;3.7.2 Правописание гласных и согласных в корне
укр_щать;о;о,а,ё,ы;3.7.2 Правописание гласных и согласных в корне
тр_нажёр;е;е,и,ы;3.7.2 Правописание гласных и согласных в корне
ул_тучиться;е;е,и,ы;3.7.2 Правописание гласных и согласных в корне
прик_снуться;о;о,а,ё,ы;3.7.2 Правописание гласных и согласных в корне
ц_клон;и;и,ы,е;3.7.2 Правописание гласных и согласных в корне
ед_номышленник;и;и,ы,е;3.7.2 Правописание гласных и согласных в корне
п_стух;а;а,о,ё,я;3.7.2 Правописание гласных и согласных в корне
ан_лизировать;а;а,о,ё,я;3.7.2 Правописание гласных и согласных в корне
интелл_гентный;и;и,ы,е;3.7.2 Правописание гласных и согласных в корне
щ_бетать;е;е,и,ы;3.7.2 Правописание гласных и согласных в корне
рекл_мировать;а;а,о,ё,я;3.7.2 Правописание гласных и согласных в корне
покл_ниться;о;о,а,ё,ы;3.7.2 Правописание гласных и согласных в корне
эфф_ктивный;е;е,и,ы;3.7.2 Правописание гласных и согласных в корне
выг_реть;о;о,а,ё,ы;3.7.2 Правописание гласных и согласных в корне
ф_рмализм;о;о,а,ё,ы;3.7.2 Правописание гласных и согласных в корне
к_согор;о;о,а,ё,ы;3.7.2 Правописание гласных и согласных в корне
осч_стливить;а;а,о,ё,я;3.7.2 Правописание гласных и согласных в корне
загром_здить;о;о,а,ё,ы;3.7.2 Правописание гласных и согласных в корне
разув_рять;е;е,и,ы;3.7.2 Правописание гласных и согласных в корне
энц_клопедия;и;и,ы,е;3.7.2 Правописание гласных и согласных в корне
насл_ждение;а;а,о,ё,я;3.7.2 Правописание гласных и согласных в корне
словосоч_тание;е;е,и,ы;3.7.2 Правописание гласных и согласных в корне
л_гичность;о;о,а,ё,ы;3.7.2 Правописание гласных и согласных в корне
пок_ление;о;о,а,ё,ы;3.7.2 Правописание гласных и согласных в корне
т_снота;е;е,и,ы;3.7.2 Правописание гласных и согласных в корне
к_снуться;о;о,а,ё,ы;3.7.2 Правописание гласных и согласных в корне
прил_жить;о;о,а,ё,ы;3.7.2 Правописание гласных и согласных в корне
оранж_рея;е;е,и,ы;3.7.2 Правописание гласных и согласных в корне
лег_ндарный;е;е,и,ы;3.7.2 Правописание гласных и согласных в корне
р_месло;е;е,и,ы;3.7.2 Правописание гласных и согласных в корне
г_ризонт;о;о,а,ё,ы;3.7.2 Правописание гласных и согласных в корне
выв_дение;е;е,и,ы;3.7.2 Правописание гласных и согласных в корне
пол_гать;е;е,и,ы;3.7.2 Правописание гласных и согласных в корне
подск_чить;о;о,а,ё,ы;3.7.2 Правописание гласных и согласных в корне
сг_рать;о;о,а,ё,ы;3.7.2 Правописание гласных и согласных в корне
энциклоп_дист;е;е,и,ы;3.7.2 Правописание гласных и согласных в корне
прогр_ммировать;а;а,о,ё,я;3.7.2 Правописание гласных и согласных в корне
ув_ковечить;е;е,и,ы;3.7.2 Правописание гласных и согласных в корне
апл_дисменты;о;о,а,ё,ы;3.7.2 Правописание гласных и согласных в корне
экон_мический;о;о,а,ё,ы;3.7.2 Правописание гласных и согласных в корне
заж_гать;и;и,ы,е;3.7.2 Правописание гласных и согласных в корне
те_ретический;о;о,а,ё,ы;3.7.2 Правописание гласных и согласных в корне
адр_совать;е;е,и,ы;3.7.2 Правописание гласных и согласных в корне
оч_щение;и;и,ы,е;3.7.2 Правописание гласных и согласных в корне
ол_цетворение;и;и,ы,е;3.7.2 Правописание гласных и согласных в корне
аукц_он;и;и,ы,е;3.7.2 Правописание гласных и согласных в корне
сокр_щать;а;а,о,ё,я;3.7.2 Правописание гласных и согласных в корне
предл_жение;о;о,а,ё,ы;3.7.2 Правописание гласных и согласных в корне
изд_лека;а;а,о,ё,я;3.7.2 Правописание гласных и согласных в корне
сн_мать;и;и,ы,е;3.7.2 Правописание гласных и согласных в корне
з_рница;а;а,о,ё,я;3.7.2 Правописание гласных и согласных в корне
прик_сновение;о;о,а,ё,ы;3.7.2 Правописание гласных и согласных в корне
взб_дриться;о;о,а,ё,ы;3.7.2 Правописание гласных и согласных в корне
эл_ктроника;е;е,и,ы;3.7.2 Правописание гласных и согласных в корне
погл_щать;о;о,а,ё,ы;3.7.2 Правописание гласных и согласных в корне
эст_тический;е;е,и,ы;3.7.2 Правописание гласных и согласных в корне
уб_диться;е;е,и,ы;3.7.2 Правописание гласных и согласных в корне
изл_гать;а;а,о,ё,я;3.7.2 Правописание гласных и согласных в корне
ст_листический;и;и,ы,е;3.7.2 Правописание гласных и согласных в корне
м_стерство;а;а,о,ё,я;3.7.2 Правописание гласных и согласных в корне
дек_рация;о;о,а,ё,ы;3.7.2 Правописание гласных и согласных в корне
бар_льеф;е;е,и,ы;3.7.2 Правописание гласных и согласных в корне
р_скошный;о;о,а,ё,ы;3.7.2 Правописание гласных и согласных в корне
соч_тание;е;е,и,ы;3.7.2 Правописание гласных и согласных в корне
с_мпатия;и;и,ы,е;3.7.2 Правописание гласных и согласных в корне
обозн_чение;а;а,о,ё,я;3.7.2 Правописание гласных и согласных в корне
пл_сать;я;я,е,а,о;3.7.2 Правописание гласных и согласных в корне
в_рошить;о;о,а,ё,ы;3.7.2 Правописание гласных и согласных в корне
ст_мулировать;и;и,ы,е;3.7.2 Правописание гласных и согласных в корне
обр_мление;а;а,о,ё,я;3.7.2 Правописание гласных и согласных в корне
спл_титься;о;о,а,ё,ы;3.7.2 Правописание гласных и согласных в корне
упр_вляющий;а;а,о,ё,я;3.7.2 Правописание гласных и согласных в корне
оч_стительный;и;и,ы,е;3.7.2 Правописание гласных и согласных в корне
бесп_лезный;о;о,а,ё,ы;3.7.2 Правописание гласных и согласных в корне
ц_нтральный;е;е,и,ы;3.7.2 Правописание гласных и согласных в корне
выч_сление;и;и,ы,е;3.7.2 Правописание гласных и согласных в корне
разг_вор;о;о,а,ё,ы;3.7.2 Правописание гласных и согласных в корне
зам_рев;е;е,и,ы;3.7.2 Правописание гласных и согласных в корне
упл_тнитель;о;о,а,ё,ы;3.7.2 Правописание гласных и согласных в корне
усл_жнённый;о;о,а,ё,ы;3.7.2 Правописание гласных и согласных в корне
ок_лдовать;о;о,а,ё,ы;3.7.2 Правописание гласных и согласных в корне
ц_ганский;ы;ы,и;3.7.2 Правописание гласных и согласных в корне
прис_гать;я;я,е,а,о;3.7.2 Правописание гласных и согласных в корне
опл_тить;а;а,о,ё,я;3.7.2 Правописание гласных и согласных в корне
бл_стяще;е;е,и,ы;3.7.2 Правописание гласных и согласных в корне
оп_раться;и;и,ы,е;3.7.2 Правописание гласных и согласных в корне
предъ_вить;я;я,е,а,о;3.7.2 Правописание гласных и согласных в корне
аф_ристичный;о;о,а,ё,ы;3.7.2 Правописание гласных и согласных в корне
в_лосипед;е;е,и,ы;3.7.2 Правописание гласных и согласных в корне
возр_стной;а;а,о,ё,я;3.7.2 Правописание гласных и согласных в корне
экспер_мент;и;и,ы,е;3.7.2 Правописание гласных и согласных в корне
иск_са;о;о,а,ё,ы;3.7.2 Правописание гласных и согласных в корне
непром_каемый;о;о,а,ё,ы;3.7.2 Правописание гласных и согласных в корне
бл_стательный;и;и,ы,е;3.7.2 Правописание гласных и согласных в корне
подл_котник;о;о,а,ё,ы;3.7.2 Правописание гласных и согласных в корне
предпол_гать;а;а,о,ё,я;3.7.2 Правописание гласных и согласных в корне
гиги_нический;е;е,и,ы;3.7.2 Правописание гласных и согласных в корне
неосп_римый;о;о,а,ё,ы;3.7.2 Правописание гласных и согласных в корне
ди_пазон;а;а,о,ё,я;3.7.2 Правописание гласных и согласных в корне
заг_релый;о;о,а,ё,ы;3.7.2 Правописание гласных и согласных в корне
сомн_ваться;е;е,и,ы;3.7.2 Правописание гласных и согласных в корне
перем_ститься;е;е,и,ы;3.7.2 Правописание гласных и согласных в корне
в_теран;е;е,и,ы;3.7.2 Правописание гласных и согласных в корне
р_сток;о;о,а,ё,ы;3.7.2 Правописание гласных и согласных в корне
удл_нить;и;и,ы,е;3.7.2 Правописание гласных и согласных в корне
преобр_зовать;а;а,о,ё,я;3.7.2 Правописание гласных и согласных в корне
п_лисадник;а;а,о,ё,я;3.7.2 Правописание гласных и согласных в корне
р_форма;е;е,и,ы;3.7.2 Правописание гласных и согласных в корне
т_рминология;е;е,и,ы;3.7.2 Правописание гласных и согласных в корне
д_лёкий;а;а,о,ё,я;3.7.2 Правописание гласных и согласных в корне
гиг_енический;и;и,ы,е;3.7.2 Правописание гласных и согласных в корне
оц_нить;е;е,и,ы;3.7.2 Правописание гласных и согласных в корне
уст_ревший;а;а,о,ё,я;3.7.2 Правописание гласных и согласных в корне
рит_рический;о;о,а,ё,ы;3.7.2 Правописание гласных и согласных в корне
зак_зать;а;а,о,ё,я;3.7.2 Правописание гласных и согласных в корне
антин_учный;а;а,о,ё,я;3.7.2 Правописание гласных и согласных в корне
ц_линдр;и;и,ы,е;3.7.2 Правописание гласных и согласных в корне
осв_жительный;е;е,и,ы;3.7.2 Правописание гласных и согласных в корне
напр_вление;а;а,о,ё,я;3.7.2 Правописание гласных и согласных в корне
ж_стикулировать;е;е,и,ы;3.7.2 Правописание гласных и согласных в корне
л_бединый;е;е,и,ы;3.7.2 Правописание гласных и согласных в корне
обог_тить;а;а,о,ё,я;3.7.2 Правописание гласных и согласных в корне
аб_туриент;и;и,ы,е;3.7.2 Правописание гласных и согласных в корне
тв_рец;о;о,а,ё,ы;3.7.2 Правописание гласных и согласных в корне
неисс_каемый;я;я,е,а,о;3.7.2 Правописание гласных и согласных в корне
исп_лнение;о;о,а,ё,ы;3.7.2 Правописание гласных и согласных в корне
симп_тичный;а;а,о,ё,я;3.7.2 Правописание гласных и согласных в корне
зерк_ло;а;а,о,ё,я;3.7.2 Правописание гласных и согласных в корне
зан_маться;и;и,ы,е;3.7.2 Правописание гласных и согласных в корне
уб_дить;е;е,и,ы;3.7.2 Правописание гласных и согласных в корне
выт_рать;и;и,ы,е;3.7.2 Правописание гласных и согласных в корне
т_атральный;е;е,и,ы;3.7.2 Правописание гласных и согласных в корне
перекл_каться;и;и,ы,е;3.7.2 Правописание гласных и согласных в корне
оп_реться;е;е,и,ы;3.7.2 Правописание гласных и согласных в корне
тр_стник;о;о,а,ё,ы;3.7.2 Правописание гласных и согласных в корне
застр_ховаться;а;а,о,ё,я;3.7.2 Правописание гласных и согласных в корне
заж_гательный;и;и,ы,е;3.7.2 Правописание гласных и согласных в корне
сотв_рить;о;о,а,ё,ы;3.7.2 Правописание гласных и согласных в корне
кр_тиковать;и;и,ы,е;3.7.2 Правописание гласных и согласных в корне
землетр_сение;я;я,е,а,о;3.7.2 Правописание гласных и согласных в корне
хр_никальный;о;о,а,ё,ы;3.7.2 Правописание гласных и согласных в корне
ч_стоплотный;и;и,ы,е;3.7.2 Правописание гласных и согласных в корне
вд_леке;а;а,о,ё,я;3.7.2 Правописание гласных и согласных в корне
прив_заться;я;я,е,а,о;3.7.2 Правописание гласных и согласных в корне
подр_жание;а;а,о,ё,я;3.7.2 Правописание гласных и согласных в корне
взап_рти;е;е,и,ы;3.7.2 Правописание гласных и согласных в корне
д_станционный;и;и,ы,е;3.7.2 Правописание гласных и согласных в корне
парад_ксальный;о;о,а,ё,ы;3.7.2 Правописание гласных и согласных в корне
сат_рический;и;и,ы,е;3.7.2 Правописание гласных и согласных в корне
упр_щённый;о;о,а,ё,ы;3.7.2 Правописание гласных и согласных в корне
ч_твёртый;е;е,и,ы;3.7.2 Правописание гласных и согласных в корне
акад_мический;е;е,и,ы;3.7.2 Правописание гласных и согласных в корне
увл_каться;е;е,и,ы;3.7.2 Правописание гласных и согласных в корне
задр_жать;о;о,а,ё,ы;3.7.2 Правописание гласных и согласных в корне
гориз_нтальный;о;о,а,ё,ы;3.7.2 Правописание гласных и согласных в корне
бюлл_тень;е;е,и,ы;3.7.2 Правописание гласных и согласных в корне
исст_ри;а;а,о,ё,я;3.7.2 Правописание гласных и согласных в корне
ш_лестеть;е;е,и,ы;3.7.2 Правописание гласных и согласных в корне
пром_хнуться;а;а,о,ё,я;3.7.2 Правописание гласных и согласных в корне
оз_рение;а;а,о,ё,я;3.7.2 Правописание гласных и согласных в корне
изм_нение;е;е,и,ы;3.7.2 Правописание гласных и согласных в корне
поб_дитель;е;е,и,ы;3.7.2 Правописание гласных и согласных в корне
осн_вной;о;о,а,ё,ы;3.7.2 Правописание гласных и согласных в корне
объед_нение;и;и,ы,е;3.7.2 Правописание гласных и согласных в корне
предпол_жительно;о;о,а,ё,ы;3.7.2 Правописание гласных и согласных в корне
с_стематизировать;и;и,ы,е;3.7.2 Правописание гласных и согласных в корне
исп_лнитель;о;о,а,ё,ы;3.7.2 Правописание гласных и согласных в корне
осн_щение;а;а,о,ё,я;3.7.2 Правописание гласных и согласных в корне
мот_вировать;и;и,ы,е;3.7.2 Правописание гласных и согласных в корне
восп_тать;и;и,ы,е;3.7.2 Правописание гласных и согласных в корне
взгл_нуть;я;я,е,а,о;3.7.2 Правописание гласных и согласных в корне
пон_мание;и;и,ы,е;3.7.2 Правописание гласных и согласных в корне
др_знить;а;а,о,ё,я;3.7.2 Правописание гласных и согласных в корне
к_мпаньон;о;о,а,ё,ы;3.7.2 Правописание гласных и согласных в корне
зам_чательный;е;е,и,ы;3.7.2 Правописание гласных и согласных в корне
увл_кательный;е;е,и,ы;3.7.2 Правописание гласных и согласных в корне
св_товство;а;а,о,ё,я;3.7.2 Правописание гласных и согласных в корне
в_рсистый;о;о,а,ё,ы;3.7.2 Правописание гласных и согласных в корне
тор_пливый;о;о,а,ё,ы;3.7.2 Правописание гласных и согласных в корне
п_тнистый;я;я,е,а,о;3.7.2 Правописание гласных и согласных в корне
ст_пендия;и;и,ы,е;3.7.2 Правописание гласных и согласных в корне
просв_щение;е;е,и,ы;3.7.2 Правописание гласных и согласных в корне
уд_вительно;и;и,ы,е;3.7.2 Правописание гласных и согласных в корне
ист_на;и;и,ы,е;3.7.2 Правописание гласных и согласных в корне
окам_неть;е;е,и,ы;3.7.2 Правописание гласных и согласных в корне
пр_стиж;е;е,и,ы;3.7.2 Правописание гласных и согласных в корне
возр_стать;а;а,о,ё,я;3.7.2 Правописание гласных и согласных в корне
об_зательно;я;я,е,а,о;3.7.2 Правописание гласных и согласных в корне
целл_фановый;о;о,а,ё,ы;3.7.2 Правописание гласных и согласных в корне
г_роизм;е;е,и,ы;3.7.2 Правописание гласных и согласных в корне
скр_пучий;и;и,ы,е;3.7.2 Правописание гласных и согласных в корне
р_стительность;а;а,о,ё,я;3.7.2 Правописание гласных и согласных в корне
б_снописец;а;а,о,ё,я;3.7.2 Правописание гласных и согласных в корне
обог_титься;а;а,о,ё,я;3.7.2 Правописание гласных и согласных в корне
п_мощник;о;о,а,ё,ы;3.7.2 Правописание гласных и согласных в корне
кр_дит;е;е,и,ы;3.7.2 Правописание гласных и согласных в корне
с_рень;и;и,ы,е;3.7.2 Правописание гласных и согласных в корне
вн_запно;е;е,и,ы;3.7.2 Правописание гласных и согласных в корне
осн_стить;а;а,о,ё,я;3.7.2 Правописание гласных и согласных в корне
выр_сти;а;а,о,ё,я;3.7.2 Правописание гласных и согласных в корне
тр_нироваться;е;е,и,ы;3.7.2 Правописание гласных и согласных в корне
оз_ряться;а;а,о,ё,я;3.7.2 Правописание гласных и согласных в корне
сбер_гать;е;е,и,ы;3.7.2 Правописание гласных и согласных в корне
пл_нительный;е;е,и,ы;3.7.2 Правописание гласных и согласных в корне
увл_чение;е;е,и,ы;3.7.2 Правописание гласных и согласных в корне
раз_бщённый;о;о,а,ё,ы;3.7.2 Правописание гласных и согласных в корне
эк_логический;о;о,а,ё,ы;3.7.2 Правописание гласных и согласных в корне
нач_нающий;и;и,ы,е;3.7.2 Правописание гласных и согласных в корне
анн_тация;о;о,а,ё,ы;3.7.2 Правописание гласных и согласных в корне
вост_ргаться;о;о,а,ё,ы;3.7.2 Правописание гласных и согласных в корне
сж_гать;и;и,ы,е;3.7.2 Правописание гласных и согласных в корне
подр_сти;а;а,о,ё,я;3.7.2 Правописание гласных и согласных в корне
ун_жение;и;и,ы,е;3.7.2 Правописание гласных и согласных в корне
р_мантизм;о;о,а,ё,ы;3.7.2 Правописание гласных и согласных в корне
д_рижёр;и;и,ы,е;3.7.2 Правописание гласных и согласных в корне
конс_рвировать;е;е,и,ы;3.7.2 Правописание гласных и согласных в корне
тр_фарет;а;а,о,ё,я;3.7.2 Правописание гласных и согласных в корне
отт_ргать;о;о,а,ё,ы;3.7.2 Правописание гласных и согласных в корне
зап_тевать;о;о,а,ё,ы;3.7.2 Правописание гласных и согласных в корне
непост_жимый;и;и,ы,е;3.7.2 Правописание гласных и согласных в корне
про_вляющийся;я;я,е,а,о;3.7.2 Правописание гласных и согласных в корне
пот_рять;е;е,и,ы;3.7.2 Правописание гласных и согласных в корне
н_велла;о;о,а,ё,ы;3.7.2 Правописание гласных и согласных в корне
разр_статься;а;а,о,ё,я;3.7.2 Правописание гласных и согласных в корне
эл_мент;е;е,и,ы;3.7.2 Правописание гласных и согласных в корне
обог_щать;а;а,о,ё,я;3.7.2 Правописание гласных и согласных в корне
растр_пать;е;е,и,ы;3.7.2 Правописание гласных и согласных в корне
раст_рать;и;и,ы,е;3.7.2 Правописание гласных и согласных в корне
заг_дать;а;а,о,ё,я;3.7.2 Правописание гласных и согласных в корне
предст_вительный;а;а,о,ё,я;3.7.2 Правописание гласных и согласных в корне
хл_потать;о;о,а,ё,ы;3.7.2 Правописание гласных и согласных в корне
эв_люция;о;о,а,ё,ы;3.7.2 Правописание гласных и согласных в корне
доп_лнительный;о;о,а,ё,ы;3.7.2 Правописание гласных и согласных в корне
од_чать;и;и,ы,е;3.7.2 Правописание гласных и согласных в корне
г_сударство;о;о,а,ё,ы;3.7.2 Правописание гласных и согласных в корне
в_ликолепный;е;е,и,ы;3.7.2 Правописание гласных и согласных в корне
пож_леть;а;а,о,ё,я;3.7.2 Правописание гласных и согласных в корне
сист_матизировать;е;е,и,ы;3.7.2 Правописание гласных и согласных в корне
кр_стьянин;е;е,и,ы;3.7.2 Правописание гласных и согласных в корне
к_медия;о;о,а,ё,ы;3.7.2 Правописание гласных и согласных в корне
пров_нциальный;и;и,ы,е;3.7.2 Правописание гласных и согласных в корне
симв_лизировать;о;о,а,ё,ы;3.7.2 Правописание гласных и согласных в корне
т_лант;а;а,о,ё,я;3.7.2 Правописание гласных и согласных в корне
оч_ровать;а;а,о,ё,я;3.7.2 Правописание гласных и согласных в корне
распол_гающийся;а;а,о,ё,я;3.7.2 Правописание гласных и согласных в корне
заг_реться;о;о,а,ё,ы;3.7.2 Правописание гласных и согласных в корне
выл_вать;и;и,ы,е;3.7.2 Правописание гласных и согласных в корне
губ_рнатор;е;е,и,ы;3.7.2 Правописание гласных и согласных в корне
выч_тание;и;и,ы,е;3.7.2 Правописание гласных и согласных в корне
тр_вожиться;е;е,и,ы;3.7.2 Правописание гласных и согласных в корне
разг_дать;а;а,о,ё,я;3.7.2 Правописание гласных и согласных в корне
к_вычки;а;а,о,ё,я;3.7.2 Правописание гласных и согласных в корне
экон_мичный;о;о,а,ё,ы;3.7.2 Правописание гласных и согласных в корне
зам_реть;е;е,и,ы;3.7.2 Правописание гласных и согласных в корне
прин_мать;и;и,ы,е;3.7.2 Правописание гласных и согласных в корне
пол_житься;о;о,а,ё,ы;3.7.2 Правописание гласных и согласных в корне
прекл_нение;о;о,а,ё,ы;3.7.2 Правописание гласных и согласных в корне
изл_жение;о;о,а,ё,ы;3.7.2 Правописание гласных и согласных в корне
разб_раться;и;и,ы,е;3.7.2 Правописание гласных и согласных в корне
с_мфония;и;и,ы,е;3.7.2 Правописание гласных и согласных в корне
пр_градить;е;е,и,ы;3.7.3 Употребление ъ и ь (в том числе разделительных)
и_вестить;з;з,с;3.7.3 Употребление ъ и ь (в том числе разделительных)
пр_глушить;и;и,ы,е;3.7.3 Употребление ъ и ь (в том числе разделительных)
пр_стыдить;и;и,ы,е;3.7.3 Употребление ъ и ь (в том числе разделительных)
пр_мудрый;е;е,и,ы;3.7.3 Употребление ъ и ь (в том числе разделительных)
кон_юнктура;ъ;ъ,ь;3.7.3 Употребление ъ и ь (в том числе разделительных)
по_задорить;д;д,т;3.7.3 Употребление ъ и ь (в том числе разделительных)
в_схождение;о;о,а,ё,ы;3.7.3 Употребление ъ и ь (в том числе разделительных)
бе_помощный;с;с,з,ск;3.7.3 Употребление ъ и ь (в том числе разделительных)
на_почечники;д;д,т;3.7.3 Употребление ъ и ь (в том числе разделительных)
н_бросок;а;а,о,ё,я;3.7.3 Употребление ъ и ь (в том числе разделительных)
порт_ера;ь;ь,ъ;3.7.3 Употребление ъ и ь (в том числе разделительных)
с_язвить;ъ;ъ,ь;3.7.3 Употребление ъ и ь (в том числе разделительных)
по_грать;и;и,ы,е;3.7.3 Употребление ъ и ь (в том числе разделительных)
вн_служебный;е;е,и,ы;3.7.3 Употребление ъ и ь (в том числе разделительных)
без_ядерный;ъ;ъ,ь;3.7.3 Употребление ъ и ь (в том числе разделительных)
по_черкнуть;д;д,т;3.7.3 Употребление ъ и ь (в том числе разделительных)
необ_яснимый;ъ;ъ,ь;3.7.3 Употребление ъ и ь (в том числе разделительных)
пр_емственность;е;е,и,ы;3.7.3 Употребление ъ и ь (в том числе разделительных)
о_бросить;т;т,д;3.7.3 Употребление ъ и ь (в том числе разделительных)
пр_плясывать;и;и,ы,е;3.7.3 Употребление ъ и ь (в том числе разделительных)
обе_доленный;з;з,с;3.7.3 Употребление ъ и ь (в том числе разделительных)
пр_образование;е;е,и,ы;3.7.3 Употребление ъ и ь (в том числе разделительных)
о_гадать;т;т,д;3.7.3 Употребление ъ и ь (в том числе разделительных)
пр_морский;и;и,ы,е;3.7.3 Употребление ъ и ь (в том числе разделительных)
ра_мышлять;з;з,с;3.7.3 Употребление ъ и ь (в том числе разделительных)
по_прыгнуть;д;д,т;3.7.3 Употребление ъ и ь (в том числе разделительных)
пер_делать;е;е,и,ы;3.7.3 Употребление ъ и ь (в том числе разделительных)
нед_варить;о;о,а,ё,ы;3.7.3 Употребление ъ и ь (в том числе разделительных)
бул_он;ь;ь,ъ;3.7.3 Употребление ъ и ь (в том числе разделительных)
бе_голосый;з;з,с;3.7.3 Употребление ъ и ь (в том числе разделительных)
вз_скать;ы;ы,и;3.7.3 Употребление ъ и ь (в том числе разделительных)
пр_бытие;и;и,ы,е;3.7.3 Употребление ъ и ь (в том числе разделительных)
нера_борчивый;з;з,с;3.7.3 Употребление ъ и ь (в том числе разделительных)
сни_хождение;с;с,з,ск;3.7.3 Употребление ъ и ь (в том числе разделительных)
сверх_дейный;и;и,ы,е;3.7.3 Употребление ъ и ь (в том числе разделительных)
пред_стория;ы;ы,и;3.7.3 Употребление ъ и ь (в том числе разделительных)
правопр_емник;е;е,и,ы;3.7.3 Употребление ъ и ь (в том числе разделительных)
фамил_ярный;ь;ь,ъ;3.7.3 Употребление ъ и ь (в том числе разделительных)
ни_ходящий;с;с,з,ск;3.7.3 Употребление ъ и ь (в том числе разделительных)
под_брать;о;о,а,ё,ы;3.7.3 Употребление ъ и ь (в том числе разделительных)
пр_землиться;и;и,ы,е;3.7.3 Употребление ъ и ь (в том числе разделительных)
пр_годиться;и;и,ы,е;3.7.3 Употребление ъ и ь (в том числе разделительных)
по_твердить;д;д,т;3.7.3 Употребление ъ и ь (в том числе разделительных)
транс_европейский;ъ;ъ,ь;3.7.3 Употребление ъ и ь (в том числе разделительных)
бе_цельный;с;с,з,ск;3.7.3 Употребление ъ и ь (в том числе разделительных)
бе_срочный;с;с,з,ск;3.7.3 Употребление ъ и ь (в том числе разделительных)
с_грать;ы;ы,и;3.7.3 Употребление ъ и ь (в том числе разделительных)
за_граться;и;и,ы,е;3.7.3 Употребление ъ и ь (в том числе разделительных)
р_зобщённо;а;а,о,ё,я;3.7.3 Употребление ъ и ь (в том числе разделительных)
не_говорчивый;с;с,з,ск;3.7.3 Употребление ъ и ь (в том числе разделительных)
и_томить;с;с,з,ск;3.7.3 Употребление ъ и ь (в том числе разделительных)
пр_амурский;и;и,ы,е;3.7.3 Употребление ъ и ь (в том числе разделительных)
пр_открыть;и;и,ы,е;3.7.3 Употребление ъ и ь (в том числе разделительных)
и_брать;з;з,с;3.7.3 Употребление ъ и ь (в том числе разделительных)
под_ём;з;з,с;3.7.3 Употребление ъ и ь (в том числе разделительных)
бе_контрольный;с;с,з,ск;3.7.3 Употребление ъ и ь (в том числе разделительных)
от_рвать;о;о,а,ё,ы;3.7.3 Употребление ъ и ь (в том числе разделительных)
непре_сказуемый;д;д,т;3.7.3 Употребление ъ и ь (в том числе разделительных)
от_гранный;ы;ы,и;3.7.3 Употребление ъ и ь (в том числе разделительных)
пр_страстие;и;и,ы,е;3.7.3 Употребление ъ и ь (в том числе разделительных)
без_дейный;ы;ы,и;3.7.3 Употребление ъ и ь (в том числе разделительных)
пр_поднятый;и;и,ы,е;3.7.3 Употребление ъ и ь (в том числе разделительных)
поз_прошлый;а;а,о,ё,я;3.7.3 Употребление ъ и ь (в том числе разделительных)
ни_провержение;с;с,з,ск;3.7.3 Употребление ъ и ь (в том числе разделительных)
пр_ступление;е;е,и,ы;3.7.3 Употребление ъ и ь (в том числе разделительных)
фельд_егерь;ъ;ъ,ь;3.7.3 Употребление ъ и ь (в том числе разделительных)
от_явленный;ъ;ъ,ь;3.7.3 Употребление ъ и ь (в том числе разделительных)
п_дорожник;о;о,а,ё,ы;3.7.3 Употребление ъ и ь (в том числе разделительных)
доз_правка;а;а,о,ё,я;3.7.3 Употребление ъ и ь (в том числе разделительных)
непр_будный;о;о,а,ё,ы;3.7.3 Употребление ъ и ь (в том числе разделительных)
увеч_е;ь;ь,ъ;3.7.3 Употребление ъ и ь (в том числе разделительных)
п_завчера;о;о,а,ё,ы;3.7.3 Употребление ъ и ь (в том числе разделительных)
беспр_мерный;и;и,ы,е;3.7.3 Употребление ъ и ь (в том числе разделительных)
ра_париться;с;с,з,ск;3.7.3 Употребление ъ и ь (в том числе разделительных)
пр_образовать;о;о,а,ё,ы;3.7.3 Употребление ъ и ь (в том числе разделительных)
не_плаченный;о;о,а,ё,ы;3.7.3 Употребление ъ и ь (в том числе разделительных)
о_блеск;т;т,д;3.7.3 Употребление ъ и ь (в том числе разделительных)
ра_пущенный;с;с,з,ск;3.7.3 Употребление ъ и ь (в том числе разделительных)
контр_гра;и;и,ы,е;3.7.3 Употребление ъ и ь (в том числе разделительных)
пр_брежный;и;и,ы,е;3.7.3 Употребление ъ и ь (в том числе разделительных)
пр_грозить;и;и,ы,е;3.7.3 Употребление ъ и ь (в том числе разделительных)
с_бирать;о;о,а,ё,ы;3.7.3 Употребление ъ и ь (в том числе разделительных)
пред_юньский;ы;ы,и;3.7.3 Употребление ъ и ь (в том числе разделительных)
з_байкальский;а;а,о,ё,я;3.7.3 Употребление ъ и ь (в том числе разделительных)
пр_верка;о;о,а,ё,ы;3.7.3 Употребление ъ и ь (в том числе разделительных)
суп_робложка;е;е,и,ы;3.7.3 Употребление ъ и ь (в том числе разделительных)
пр_станище;и;и,ы,е;3.7.3 Употребление ъ и ь (в том числе разделительных)
об_ездной;ъ;ъ,ь;3.7.3 Употребление ъ и ь (в том числе разделительных)
бе_сердечный;с;с,з,ск;3.7.3 Употребление ъ и ь (в том числе разделительных)
во_звание;з;з,с;3.7.3 Употребление ъ и ь (в том числе разделительных)
пр_мета;и;и,ы,е;3.7.3 Употребление ъ и ь (в том числе разделительных)
б_ющийся;ь;ь,ъ;3.7.3 Употребление ъ и ь (в том числе разделительных)
под_грать;ы;ы,и;3.7.3 Употребление ъ и ь (в том числе разделительных)
пр_бинтовать;и;и,ы,е;3.7.3 Употребление ъ и ь (в том числе разделительных)
из_ян;ъ;ъ,ь;3.7.3 Употребление ъ и ь (в том числе разделительных)
пр_вкусный;е;е,и,ы;3.7.3 Употребление ъ и ь (в том числе разделительных)
и_подтишка;с;с,з,ск;3.7.3 Употребление ъ и ь (в том числе разделительных)
в_южный;ь;ь,ъ;3.7.3 Употребление ъ и ь (в том числе разделительных)
об_ём;ъ;ъ,ь;3.7.3 Употребление ъ и ь (в том числе разделительных)
по_заправка;д;д,т;3.7.3 Употребление ъ и ь (в том числе разделительных)
суб_ективизм;ъ;ъ,ь;3.7.3 Употребление ъ и ь (в том числе разделительных)
пр_бабушка;а;а,о,ё,я;3.7.3 Употребление ъ и ь (в том числе разделительных)
пре_шественник;д;д,т;3.7.3 Употребление ъ и ь (в том числе разделительных)
под_скать;ы;ы,и;3.7.3 Употребление ъ и ь (в том числе разделительных)
и_черпать;с;с,з,ск;3.7.3 Употребление ъ и ь (в том числе разделительных)
по_кладка;д;д,т;3.7.3 Употребление ъ и ь (в том числе разделительных)
роз_грыш;ы;ы,и;3.7.3 Употребление ъ и ь (в том числе разделительных)
с_путствовать;о;о,а,ё,ы;3.7.3 Употребление ъ и ь (в том числе разделительных)
с_трудник;о;о,а,ё,ы;3.7.3 Употребление ъ и ь (в том числе разделительных)
пр_нарядиться;и;и,ы,е;3.7.3 Употребление ъ и ь (в том числе разделительных)
об_ективный;ъ;ъ,ь;3.7.3 Употребление ъ и ь (в том числе разделительных)
бе_шовный;с;с,з,ск;3.7.3 Употребление ъ и ь (в том числе разделительных)
с_мпровизировать;ы;ы,и;3.7.3 Употребление ъ и ь (в том числе разделительных)
об_ск;ы;ы,и;3.7.3 Употребление ъ и ь (в том числе разделительных)
о_крывать;т;т,д;3.7.3 Употребление ъ и ь (в том числе разделительных)
ант_художественный;и;и,ы,е;3.7.3 Употребление ъ и ь (в том числе разделительных)
комп_ютер;ь;ь,ъ;3.7.3 Употребление ъ и ь (в том числе разделительных)
ра_чёт;с;с,з,ск;3.7.3 Употребление ъ и ь (в том числе разделительных)
меж_нститутский;и;и,ы,е;3.7.3 Употребление ъ и ь (в том числе разделительных)
без_сходный;ы;ы,и;3.7.3 Употребление ъ и ь (в том числе разделительных)
н_дломить;а;а,о,ё,я;3.7.3 Употребление ъ и ь (в том числе разделительных)
пр_знаться;и;и,ы,е;3.7.3 Употребление ъ и ь (в том числе разделительных)
сопр_косновение;и;и,ы,е;3.7.3 Употребление ъ и ь (в том числе разделительных)
пре_ставить;д;д,т;3.7.3 Употребление ъ и ь (в том числе разделительных)
из_явить;ъ;ъ,ь;3.7.3 Употребление ъ и ь (в том числе разделительных)
гостепр_имный;и;и,ы,е;3.7.3 Употребление ъ и ь (в том числе разделительных)
по_небесный;д;д,т;3.7.3 Употребление ъ и ь (в том числе разделительных)
пр_открытый;и;и,ы,е;3.7.3 Употребление ъ и ь (в том числе разделительных)
непр_рывный;е;е,и,ы;3.7.3 Употребление ъ и ь (в том числе разделительных)
дез_нфекция;и;и,ы,е;3.7.3 Употребление ъ и ь (в том числе разделительных)
р_зыграть;а;а,о,ё,я;3.7.3 Употребление ъ и ь (в том числе разделительных)
меж_здательский;и;и,ы,е;3.7.3 Употребление ъ и ь (в том числе разделительных)
с_езд;ъ;ъ,ь;3.7.3 Употребление ъ и ь (в том числе разделительных)
по_деть;д;д,т;3.7.3 Употребление ъ и ь (в том числе разделительных)
во_пылать;с;с,з,ск;3.7.3 Употребление ъ и ь (в том числе разделительных)
пр_беречь;и;и,ы,е;3.7.3 Употребление ъ и ь (в том числе разделительных)
и_балованный;з;з,с;3.7.3 Употребление ъ и ь (в том числе разделительных)
пре_писать;д;д,т;3.7.3 Употребление ъ и ь (в том числе разделительных)
д_верять;о;о,а,ё,ы;3.7.3 Употребление ъ и ь (в том числе разделительных)
бе_брежный;з;з,с;3.7.3 Употребление ъ и ь (в том числе разделительных)
поз_вчера;а;а,о,ё,я;3.7.3 Употребление ъ и ь (в том числе разделительных)
ад_ютант;ъ;ъ,ь;3.7.3 Употребление ъ и ь (в том числе разделительных)
пре_шествовать;д;д,т;3.7.3 Употребление ъ и ь (в том числе разделительных)
не_добровать;с;с,з,ск;3.7.3 Употребление ъ и ь (в том числе разделительных)
супер_гра;и;и,ы,е;3.7.3 Употребление ъ и ь (в том числе разделительных)
д_сквалификация;и;и,ы,е;3.7.3 Употребление ъ и ь (в том числе разделительных)
пр_добрый;е;е,и,ы;3.7.3 Употребление ъ и ь (в том числе разделительных)
по_бирать;с;с,з,ск;3.7.3 Употребление ъ и ь (в том числе разделительных)
пр_успеть;е;е,и,ы;3.7.3 Употребление ъ и ь (в том числе разделительных)
в_дремнуть;з;з,с;3.7.3 Употребление ъ и ь (в том числе разделительных)
под_ехать;ъ;ъ,ь;3.7.3 Употребление ъ и ь (в том числе разделительных)
пр_обладать;е;е,и,ы;3.7.3 Употребление ъ и ь (в том числе разделительных)
меж_языковой;ъ;ъ,ь;3.7.3 Употребление ъ и ь (в том числе разделительных)
вз_скание;ы;ы,и;3.7.3 Употребление ъ и ь (в том числе разделительных)
по_стёжка;д;д,т;3.7.3 Употребление ъ и ь (в том числе разделительных)
пр_ходимость;е;е,и,ы;3.7.3 Употребление ъ и ь (в том числе разделительных)
и_правный;с;с,з,ск;3.7.3 Употребление ъ и ь (в том числе разделительных)
бе_численный;с;с,з,ск;3.7.3 Употребление ъ и ь (в том числе разделительных)
и_желта-красный;з;з,с;3.7.3 Употребление ъ и ь (в том числе разделительных)
в_юга;ь;ь,ъ;3.7.3 Употребление ъ и ь (в том числе разделительных)
пред_явить;ъ;ъ,ь;3.7.3 Употребление ъ и ь (в том числе разделительных)
пр_родина;а;а,о,ё,я;3.7.3 Употребление ъ и ь (в том числе разделительных)
пр_емлемый;и;и,ы,е;3.7.3 Употребление ъ и ь (в том числе разделительных)
в_балтывать;з;з,с;3.7.3 Употребление ъ и ь (в том числе разделительных)
меж_гровой;и;и,ы,е;3.7.3 Употребление ъ и ь (в том числе разделительных)
обез_яна;ь;ь,ъ;3.7.3 Употребление ъ и ь (в том числе разделительных)
вз_ерошить;ъ;ъ,ь;3.7.3 Употребление ъ и ь (в том числе разделительных)
пр_крепить;и;и,ы,е;3.7.3 Употребление ъ и ь (в том числе разделительных)
в_ездной;ъ;ъ,ь;3.7.3 Употребление ъ и ь (в том числе разделительных)
пр_своить;и;и,ы,е;3.7.3 Употребление ъ и ь (в том числе разделительных)
под_езд;ъ;ъ,ь;3.7.3 Употребление ъ и ь (в том числе разделительных)
на_пись;д;д,т;3.7.3 Употребление ъ и ь (в том числе разделительных)
и_кажённый;с;с,з,ск;3.7.3 Употребление ъ и ь (в том числе разделительных)
п_еса;ь;ь,ъ;3.7.3 Употребление ъ и ь (в том числе разделительных)
нед_верчивый;о;о,а,ё,ы;3.7.3 Употребление ъ и ь (в том числе разделительных)
пр_ласкать;и;и,ы,е;3.7.3 Употребление ъ и ь (в том числе разделительных)
на_ломленный;д;д,т;3.7.3 Употребление ъ и ь (в том числе разделительных)
ра_порядок;с;с,з,ск;3.7.3 Употребление ъ и ь (в том числе разделительных)
с_естной;ъ;ъ,ь;3.7.3 Употребление ъ и ь (в том числе разделительных)
бе_жалостный;з;з,с;3.7.3 Употребление ъ и ь (в том числе разделительных)
пас_янс;ь;ь,ъ;3.7.3 Употребление ъ и ь (в том числе разделительных)
арх_важный;и;и,ы,е;3.7.3 Употребление ъ и ь (в том числе разделительных)
на_ломиться;д;д,т;3.7.3 Употребление ъ и ь (в том числе разделительных)
пр_горелый;и;и,ы,е;3.7.3 Употребление ъ и ь (в том числе разделительных)
небез_звестный;ы;ы,и;3.7.3 Употребление ъ и ь (в том числе разделительных)
из_сканный;ы;ы,и;3.7.3 Употребление ъ и ь (в том числе разделительных)
от_грать;ы;ы,и;3.7.3 Употребление ъ и ь (в том числе разделительных)
не_держанный;с;с,з,ск;3.7.3 Употребление ъ и ь (в том числе разделительных)
сверх_зысканный;и;и,ы,е;3.7.3 Употребление ъ и ь (в том числе разделительных)
о_брасывать;т;т,д;3.7.3 Употребление ъ и ь (в том числе разделительных)
в_едливый;ъ;ъ,ь;3.7.3 Употребление ъ и ь (в том числе разделительных)
пред_юбилейный;ъ;ъ,ь;3.7.3 Употребление ъ и ь (в том числе разделительных)
без_нтересный;ы;ы,и;3.7.3 Употребление ъ и ь (в том числе разделительных)
нен_глядный;а;а,о,ё,я;3.7.3 Употребление ъ и ь (в том числе разделительных)
ра_ширить;с;с,з,ск;3.7.3 Употребление ъ и ь (в том числе разделительных)
пред_дущий;ы;ы,и;3.7.3 Употребление ъ и ь (в том числе разделительных)
пр_спокойно;е;е,и,ы;3.7.3 Употребление ъ и ь (в том числе разделительных)
без_скусный;ы;ы,и;3.7.3 Употребление ъ и ь (в том числе разделительных)
в_зместить;о;о,а,ё,ы;3.7.3 Употребление ъ и ь (в том числе разделительных)
ра_торгнуть;с;с,з,ск;3.7.3 Употребление ъ и ь (в том числе разделительных)
от_грывать;ы;ы,и;3.7.3 Употребление ъ и ь (в том числе разделительных)
о_звук;т;т,д;3.7.3 Употребление ъ и ь (в том числе разделительных)
под_язычный;ъ;ъ,ь;3.7.3 Употребление ъ и ь (в том числе разделительных)
и_коверкать;с;с,з,ск;3.7.3 Употребление ъ и ь (в том числе разделительных)
пре_писание;д;д,т;3.7.3 Употребление ъ и ь (в том числе разделительных)
необ_ятный;ъ;ъ,ь;3.7.3 Употребление ъ и ь (в том числе разделительных)
бе_перспективный;с;с,з,ск;3.7.3 Употребление ъ и ь (в том числе разделительных)
раз_ём;ъ;ъ,ь;3.7.3 Употребление ъ и ь (в том числе разделительных)
кар_ера;ь;ь,ъ;3.7.3 Употребление ъ и ь (в том числе разделительных)
пр_щуриться;и;и,ы,е;3.7.3 Употребление ъ и ь (в том числе разделительных)
суб_ект;ъ;ъ,ь;3.7.3 Употребление ъ и ь (в том числе разделительных)
ра_шевелить;с;с,з,ск;3.7.3 Употребление ъ и ь (в том числе разделительных)
пр_исполненный;е;е,и,ы;3.7.3 Употребление ъ и ь (в том числе разделительных)
ра_средоточивать;с;с,з,ск;3.7.3 Употребление ъ и ь (в том числе разделительных)
не_держанность;с;с,з,ск;3.7.3 Употребление ъ и ь (в том числе разделительных)
п_дбодрить;о;о,а,ё,ы;3.7.3 Употребление ъ и ь (в том числе разделительных)
об_льстить;о;о,а,ё,ы;3.7.3 Употребление ъ и ь (в том числе разделительных)
пред_нфарктный;ы;ы,и;3.7.3 Употребление ъ и ь (в том числе разделительных)
пр_обретение;и;и,ы,е;3.7.3 Употребление ъ и ь (в том числе разделительных)
пр_шелец;и;и,ы,е;3.7.3 Употребление ъ и ь (в том числе разделительных)
с_переживание;о;о,а,ё,ы;3.7.3 Употребление ъ и ь (в том числе разделительных)
пост_ндустриальный;и;и,ы,е;3.7.3 Употребление ъ и ь (в том числе разделительных)
з_ход;а;а,о,ё,я;3.7.3 Употребление ъ и ь (в том числе разделительных)
п_играть;о;о,а,ё,ы;3.7.3 Употребление ъ и ь (в том числе разделительных)
пед_нститут;и;и,ы,е;3.7.3 Употребление ъ и ь (в том числе разделительных)
вз_ерошенный;ъ;ъ,ь;3.7.3 Употребление ъ и ь (в том числе разделительных)
н_илучший;а;а,о,ё,я;3.7.3 Употребление ъ и ь (в том числе разделительных)
з_рисовка;а;а,о,ё,я;3.7.3 Употребление ъ и ь (в том числе разделительных)
без_ндукционный;ы;ы,и;3.7.3 Употребление ъ и ь (в том числе разделительных)
пр_неприятный;е;е,и,ы;3.7.3 Употребление ъ и ь (в том числе разделительных)
ни_послать;с;с,з,ск;3.7.3 Употребление ъ и ь (в том числе разделительных)
воз_меть;ы;ы,и;3.7.3 Употребление ъ и ь (в том числе разделительных)
гнездов_е;ь;ь,ъ;3.7.3 Употребление ъ и ь (в том числе разделительных)
прои_шествие;с;с,з,ск;3.7.3 Употребление ъ и ь (в том числе разделительных)
бе_вестный;з;з,с;3.7.3 Употребление ъ и ь (в том числе разделительных)
бе_человечный;с;с,з,ск;3.7.3 Употребление ъ и ь (в том числе разделительных)
и_сякнуть;с;с,з,ск;3.7.3 Употребление ъ и ь (в том числе разделительных)
бе_граничный;з;з,с;3.7.3 Употребление ъ и ь (в том числе разделительных)
раз_грать;ы;ы,и;3.7.3 Употребление ъ и ь (в том числе разделительных)
и_пугать;с;с,з,ск;3.7.3 Употребление ъ и ь (в том числе разделительных)
на_кусить;д;д,т;3.7.3 Употребление ъ и ь (в том числе разделительных)
с_рвать;о;о,а,ё,ы;3.7.3 Употребление ъ и ь (в том числе разделительных)
п_дпустить;о;о,а,ё,ы;3.7.3 Употребление ъ и ь (в том числе разделительных)
р_зыскать;а;а,о,ё,я;3.7.3 Употребление ъ и ь (в том числе разделительных)
ра_мешать;з;з,с;3.7.3 Употребление ъ и ь (в том числе разделительных)
р_спорядиться;а;а,о,ё,я;3.7.3 Употребление ъ и ь (в том числе разделительных)
и_черченный;с;с,з,ск;3.7.3 Употребление ъ и ь (в том числе разделительных)
ра_щедриться;с;с,з,ск;3.7.3 Употребление ъ и ь (в том числе разделительных)
не_хватный;о;о,а,ё,ы;3.7.3 Употребление ъ и ь (в том числе разделительных)
о_дежурить;т;т,д;3.7.3 Употребление ъ и ь (в том числе разделительных)
пр_вращение;е;е,и,ы;3.7.3 Употребление ъ и ь (в том числе разделительных)
двух_ярусный;ъ;ъ,ь;3.7.3 Употребление ъ и ь (в том числе разделительных)
вороб_иный;ь;ь,ъ;3.7.3 Употребление ъ и ь (в том числе разделительных)
по_сковик;и;и,ы,е;3.7.3 Употребление ъ и ь (в том числе разделительных)
от_граться;ы;ы,и;3.7.3 Употребление ъ и ь (в том числе разделительных)
и_пуг;с;с,з,ск;3.7.3 Употребление ъ и ь (в том числе разделительных)
бе_порядочный;с;с,з,ск;3.7.3 Употребление ъ и ь (в том числе разделительных)
ра_писание;с;с,з,ск;3.7.3 Употребление ъ и ь (в том числе разделительных)
ни_посланный;с;с,з,ск;3.7.3 Употребление ъ и ь (в том числе разделительных)
непр_годный;и;и,ы,е;3.7.3 Употребление ъ и ь (в том числе разделительных)
с_гласие;о;о,а,ё,ы;3.7.3 Употребление ъ и ь (в том числе разделительных)
и_колесить;с;с,з,ск;3.7.3 Употребление ъ и ь (в том числе разделительных)
бе_дельник;з;з,с;3.7.3 Употребление ъ и ь (в том числе разделительных)
ра_сеять;с;с,з,ск;3.7.3 Употребление ъ и ь (в том числе разделительных)
пр_волье;и;и,ы,е;3.7.3 Употребление ъ и ь (в том числе разделительных)
и_порченный;с;с,з,ск;3.7.3 Употребление ъ и ь (в том числе разделительных)
мирово_зрение;з;з,с;3.7.3 Употребление ъ и ь (в том числе разделительных)
з_ночевать;а;а,о,ё,я;3.7.3 Употребление ъ и ь (в том числе разделительных)
пр_волжский;и;и,ы,е;3.7.3 Употребление ъ и ь (в том числе разделительных)
з_певала;а;а,о,ё,я;3.7.3 Употребление ъ и ь (в том числе разделительных)
пр_чудливый;и;и,ы,е;3.7.3 Употребление ъ и ь (в том числе разделительных)
сверх_нтересный;и;и,ы,е;3.7.3 Употребление ъ и ь (в том числе разделительных)
пр_остановить;и;и,ы,е;3.7.3 Употребление ъ и ь (в том числе разделительных)
пост_мпрессионизм;и;и,ы,е;3.7.3 Употребление ъ и ь (в том числе разделительных)
пр_стройка;и;и,ы,е;3.7.3 Употребление ъ и ь (в том числе разделительных)
пр_школьный;и;и,ы,е;3.7.3 Употребление ъ и ь (в том числе разделительных)
пр_терпеться;и;и,ы,е;3.7.3 Употребление ъ и ь (в том числе разделительных)
бе_принципный;с;с,з,ск;3.7.3 Употребление ъ и ь (в том числе разделительных)
за_нтересовать;и;и,ы,е;3.7.3 Употребление ъ и ь (в том числе разделительных)
пр_озёрный;и;и,ы,е;3.7.3 Употребление ъ и ь (в том числе разделительных)
сверх_естественный;ъ;ъ,ь;3.7.3 Употребление ъ и ь (в том числе разделительных)
п_переменно;о;о,а,ё,ы;3.7.3 Употребление ъ и ь (в том числе разделительных)
бе_земельный;з;з,с;3.7.3 Употребление ъ и ь (в том числе разделительных)
пр_бавление;и;и,ы,е;3.7.3 Употребление ъ и ь (в том числе разделительных)
с_митировать;ы;ы,и;3.7.3 Употребление ъ и ь (в том числе разделительных)
ра_делка;з;з,с;3.7.3 Употребление ъ и ь (в том числе разделительных)
не_тъемлемый;о;о,а,ё,ы;3.7.3 Употребление ъ и ь (в том числе разделительных)
пр_образ;о;о,а,ё,ы;3.7.3 Употребление ъ и ь (в том числе разделительных)
в_рыхлить;з;з,с;3.7.3 Употребление ъ и ь (в том числе разделительных)
о_благодарить;т;т,д;3.7.3 Употребление ъ и ь (в том числе разделительных)
ра_колоть;с;с,з,ск;3.7.3 Употребление ъ и ь (в том числе разделительных)
без_нициативный;ы;ы,и;3.7.3 Употребление ъ и ь (в том числе разделительных)
чере_чур;с;с,з,ск;3.7.3 Употребление ъ и ь (в том числе разделительных)
пред_явитель;ъ;ъ,ь;3.7.3 Употребление ъ и ь (в том числе разделительных)
бе_болезненный;з;з,с;3.7.3 Употребление ъ и ь (в том числе разделительных)
под_тожить;ы;ы,и;3.7.3 Употребление ъ и ь (в том числе разделительных)
о_бой;т;т,д;3.7.3 Употребление ъ и ь (в том числе разделительных)
пр_градить;е;е,и,ы;3.7.4 Правописание приставок. Буквы ы – и после при ставок
и_вестить;з;з,с;3.7.4 Правописание приставок. Буквы ы – и после при ставок
пр_глушить;и;и,ы,е;3.7.4 Правописание приставок. Буквы ы – и после при ставок
пр_стыдить;и;и,ы,е;3.7.4 Правописание приставок. Буквы ы – и после при ставок
от_брать;о;о,а,ё,ы;3.7.4 Правописание приставок. Буквы ы – и после при ставок
пр_мудрый;е;е,и,ы;3.7.4 Правописание приставок. Буквы ы – и после при ставок
кон_юнктура;ъ;ъ,ь;3.7.4 Правописание приставок. Буквы ы – и после при ставок
по_задорить;д;д,т;3.7.4 Правописание приставок. Буквы ы – и после при ставок
в_схождение;о;о,а,ё,ы;3.7.4 Правописание приставок. Буквы ы – и после при ставок
с_автор;о;о,а,ё,ы;3.7.4 Правописание приставок. Буквы ы – и после при ставок
бе_помощный;с;с,з,ск;3.7.4 Правописание приставок. Буквы ы – и после при ставок
бе_вкусный;з;з,с;3.7.4 Правописание приставок. Буквы ы – и после при ставок
на_почечники;д;д,т;3.7.4 Правописание приставок. Буквы ы – и после при ставок
н_бросок;а;а,о,ё,я;3.7.4 Правописание приставок. Буквы ы – и после при ставок
порт_ера;ь;ь,ъ;3.7.4 Правописание приставок. Буквы ы – и после при ставок
с_язвить;ъ;ъ,ь;3.7.4 Правописание приставок. Буквы ы – и после при ставок
по_грать;и;и,ы,е;3.7.4 Правописание приставок. Буквы ы – и после при ставок
вн_служебный;е;е,и,ы;3.7.4 Правописание приставок. Буквы ы – и после при ставок
без_ядерный;ъ;ъ,ь;3.7.4 Правописание приставок. Буквы ы – и после при ставок
по_черкнуть;д;д,т;3.7.4 Правописание приставок. Буквы ы – и после при ставок
ра_грызть;з;з,с;3.7.4 Правописание приставок. Буквы ы – и после при ставок
необ_яснимый;ъ;ъ,ь;3.7.4 Правописание приставок. Буквы ы – и после при ставок
пр_емственность;е;е,и,ы;3.7.4 Правописание приставок. Буквы ы – и после при ставок
о_бросить;т;т,д;3.7.4 Правописание приставок. Буквы ы – и после при ставок
пр_плясывать;и;и,ы,е;3.7.4 Правописание приставок. Буквы ы – и после при ставок
из_сканность;ы;ы,и;3.7.4 Правописание приставок. Буквы ы – и после при ставок
обе_доленный;з;з,с;3.7.4 Правописание приставок. Буквы ы – и после при ставок
пр_образование;е;е,и,ы;3.7.4 Правописание приставок. Буквы ы – и после при ставок
о_гадать;т;т,д;3.7.4 Правописание приставок. Буквы ы – и после при ставок
пр_ступник;е;е,и,ы;3.7.4 Правописание приставок. Буквы ы – и после при ставок
пр_морский;и;и,ы,е;3.7.4 Правописание приставок. Буквы ы – и после при ставок
ра_мышлять;з;з,с;3.7.4 Правописание приставок. Буквы ы – и после при ставок
по_прыгнуть;д;д,т;3.7.4 Правописание приставок. Буквы ы – и после при ставок
пер_делать;е;е,и,ы;3.7.4 Правописание приставок. Буквы ы – и после при ставок
нед_варить;о;о,а,ё,ы;3.7.4 Правописание приставок. Буквы ы – и после при ставок
бул_он;ь;ь,ъ;3.7.4 Правописание приставок. Буквы ы – и после при ставок
бе_голосый;з;з,с;3.7.4 Правописание приставок. Буквы ы – и после при ставок
вз_скать;ы;ы,и;3.7.4 Правописание приставок. Буквы ы – и после при ставок
пр_бытие;и;и,ы,е;3.7.4 Правописание приставок. Буквы ы – и после при ставок
нера_борчивый;з;з,с;3.7.4 Правописание приставок. Буквы ы – и после при ставок
сни_хождение;с;с,з,ск;3.7.4 Правописание приставок. Буквы ы – и после при ставок
сверх_дейный;и;и,ы,е;3.7.4 Правописание приставок. Буквы ы – и после при ставок
на_смотрщик;д;д,т;3.7.4 Правописание приставок. Буквы ы – и после при ставок
пред_стория;ы;ы,и;3.7.4 Правописание приставок. Буквы ы – и после при ставок
правопр_емник;е;е,и,ы;3.7.4 Правописание приставок. Буквы ы – и после при ставок
фамил_ярный;ь;ь,ъ;3.7.4 Правописание приставок. Буквы ы – и после при ставок
ни_ходящий;с;с,з,ск;3.7.4 Правописание приставок. Буквы ы – и после при ставок
меж_ярусный;ъ;ъ,ь;3.7.4 Правописание приставок. Буквы ы – и после при ставок
под_брать;о;о,а,ё,ы;3.7.4 Правописание приставок. Буквы ы – и после при ставок
пр_землиться;и;и,ы,е;3.7.4 Правописание приставок. Буквы ы – и после при ставок
пр_годиться;и;и,ы,е;3.7.4 Правописание приставок. Буквы ы – и после при ставок
по_твердить;д;д,т;3.7.4 Правописание приставок. Буквы ы – и после при ставок
транс_европейский;ъ;ъ,ь;3.7.4 Правописание приставок. Буквы ы – и после при ставок
бе_цельный;с;с,з,ск;3.7.4 Правописание приставок. Буквы ы – и после при ставок
бе_срочный;с;с,з,ск;3.7.4 Правописание приставок. Буквы ы – и после при ставок
н_дпочечник;а;а,о,ё,я;3.7.4 Правописание приставок. Буквы ы – и после при ставок
с_грать;ы;ы,и;3.7.4 Правописание приставок. Буквы ы – и после при ставок
за_граться;и;и,ы,е;3.7.4 Правописание приставок. Буквы ы – и после при ставок
р_зобщённо;а;а,о,ё,я;3.7.4 Правописание приставок. Буквы ы – и после при ставок
под_йти;о;о,а,ё,ы;3.7.4 Правописание приставок. Буквы ы – и после при ставок
не_говорчивый;с;с,з,ск;3.7.4 Правописание приставок. Буквы ы – и после при ставок
и_томить;с;с,з,ск;3.7.4 Правописание приставок. Буквы ы – и после при ставок
пр_амурский;и;и,ы,е;3.7.4 Правописание приставок. Буквы ы – и после при ставок
д_спропорция;и;и,ы,е;3.7.4 Правописание приставок. Буквы ы – и после при ставок
пр_открыть;и;и,ы,е;3.7.4 Правописание приставок. Буквы ы – и после при ставок
и_брать;з;з,с;3.7.4 Правописание приставок. Буквы ы – и после при ставок
под_ём;з;з,с;3.7.4 Правописание приставок. Буквы ы – и после при ставок
под_ярус;ъ;ъ,ь;3.7.4 Правописание приставок. Буквы ы – и после при ставок
бе_контрольный;с;с,з,ск;3.7.4 Правописание приставок. Буквы ы – и после при ставок
д_зориентация;е;е,и,ы;3.7.4 Правописание приставок. Буквы ы – и после при ставок
от_рвать;о;о,а,ё,ы;3.7.4 Правописание приставок. Буквы ы – и после при ставок
трёх_ярусный;ъ;ъ,ь;3.7.4 Правописание приставок. Буквы ы – и после при ставок
непре_сказуемый;д;д,т;3.7.4 Правописание приставок. Буквы ы – и после при ставок
от_гранный;ы;ы,и;3.7.4 Правописание приставок. Буквы ы – и после при ставок
пр_страстие;и;и,ы,е;3.7.4 Правописание приставок. Буквы ы – и после при ставок
без_дейный;ы;ы,и;3.7.4 Правописание приставок. Буквы ы – и после при ставок
пр_поднятый;и;и,ы,е;3.7.4 Правописание приставок. Буквы ы – и после при ставок
поз_прошлый;а;а,о,ё,я;3.7.4 Правописание приставок. Буквы ы – и после при ставок
п_немногу;о;о,а,ё,ы;3.7.4 Правописание приставок. Буквы ы – и после при ставок
ни_провержение;с;с,з,ск;3.7.4 Правописание приставок. Буквы ы – и после при ставок
пр_слушиваться;и;и,ы,е;3.7.4 Правописание приставок. Буквы ы – и после при ставок
пр_ступление;е;е,и,ы;3.7.4 Правописание приставок. Буквы ы – и после при ставок
фельд_егерь;ъ;ъ,ь;3.7.4 Правописание приставок. Буквы ы – и после при ставок
от_явленный;ъ;ъ,ь;3.7.4 Правописание приставок. Буквы ы – и после при ставок
п_дорожник;о;о,а,ё,ы;3.7.4 Правописание приставок. Буквы ы – и после при ставок
доз_правка;а;а,о,ё,я;3.7.4 Правописание приставок. Буквы ы – и после при ставок
непр_будный;о;о,а,ё,ы;3.7.4 Правописание приставок. Буквы ы – и после при ставок
увеч_е;ь;ь,ъ;3.7.4 Правописание приставок. Буквы ы – и после при ставок
п_завчера;о;о,а,ё,ы;3.7.4 Правописание приставок. Буквы ы – и после при ставок
бе_хозный;с;с,з,ск;3.7.4 Правописание приставок. Буквы ы – и после при ставок
беспр_мерный;и;и,ы,е;3.7.4 Правописание приставок. Буквы ы – и после при ставок
ра_париться;с;с,з,ск;3.7.4 Правописание приставок. Буквы ы – и после при ставок
пр_образовать;о;о,а,ё,ы;3.7.4 Правописание приставок. Буквы ы – и после при ставок
не_плаченный;о;о,а,ё,ы;3.7.4 Правописание приставок. Буквы ы – и после при ставок
о_блеск;т;т,д;3.7.4 Правописание приставок. Буквы ы – и после при ставок
ра_пущенный;с;с,з,ск;3.7.4 Правописание приставок. Буквы ы – и после при ставок
пр_ображённый;е;е,и,ы;3.7.4 Правописание приставок. Буквы ы – и после при ставок
контр_гра;и;и,ы,е;3.7.4 Правописание приставок. Буквы ы – и после при ставок
пр_града;е;е,и,ы;3.7.4 Правописание приставок. Буквы ы – и после при ставок
пр_брежный;и;и,ы,е;3.7.4 Правописание приставок. Буквы ы – и после при ставок
пр_грозить;и;и,ы,е;3.7.4 Правописание приставок. Буквы ы – и после при ставок
с_бирать;о;о,а,ё,ы;3.7.4 Правописание приставок. Буквы ы – и после при ставок
пред_юньский;ы;ы,и;3.7.4 Правописание приставок. Буквы ы – и после при ставок
бур_ян;ь;ь,ъ;3.7.4 Правописание приставок. Буквы ы – и после при ставок
з_байкальский;а;а,о,ё,я;3.7.4 Правописание приставок. Буквы ы – и после при ставок
пр_верка;о;о,а,ё,ы;3.7.4 Правописание приставок. Буквы ы – и после при ставок
суп_робложка;е;е,и,ы;3.7.4 Правописание приставок. Буквы ы – и после при ставок
пр_станище;и;и,ы,е;3.7.4 Правописание приставок. Буквы ы – и после при ставок
об_ездной;ъ;ъ,ь;3.7.4 Правописание приставок. Буквы ы – и после при ставок
пр_уныть;и;и,ы,е;3.7.4 Правописание приставок. Буквы ы – и после при ставок
бе_сердечный;с;с,з,ск;3.7.4 Правописание приставок. Буквы ы – и после при ставок
во_звание;з;з,с;3.7.4 Правописание приставок. Буквы ы – и после при ставок
пр_мета;и;и,ы,е;3.7.4 Правописание приставок. Буквы ы – и после при ставок
б_ющийся;ь;ь,ъ;3.7.4 Правописание приставок. Буквы ы – и после при ставок
под_грать;ы;ы,и;3.7.4 Правописание приставок. Буквы ы – и после при ставок
пр_бинтовать;и;и,ы,е;3.7.4 Правописание приставок. Буквы ы – и после при ставок
из_ян;ъ;ъ,ь;3.7.4 Правописание приставок. Буквы ы – и после при ставок
пр_вкусный;е;е,и,ы;3.7.4 Правописание приставок. Буквы ы – и после при ставок
и_подтишка;с;с,з,ск;3.7.4 Правописание приставок. Буквы ы – и после при ставок
в_южный;ь;ь,ъ;3.7.4 Правописание приставок. Буквы ы – и после при ставок
об_ём;ъ;ъ,ь;3.7.4 Правописание приставок. Буквы ы – и после при ставок
по_заправка;д;д,т;3.7.4 Правописание приставок. Буквы ы – и после при ставок
суб_ективизм;ъ;ъ,ь;3.7.4 Правописание приставок. Буквы ы – и после при ставок
ант_пригарный;и;и,ы,е;3.7.4 Правописание приставок. Буквы ы – и после при ставок
пр_бабушка;а;а,о,ё,я;3.7.4 Правописание приставок. Буквы ы – и после при ставок
пре_шественник;д;д,т;3.7.4 Правописание приставок. Буквы ы – и после при ставок
под_скать;ы;ы,и;3.7.4 Правописание приставок. Буквы ы – и после при ставок
д_сквалифицировать;и;и,ы,е;3.7.4 Правописание приставок. Буквы ы – и после при ставок
р_списание;а;а,о,ё,я;3.7.4 Правописание приставок. Буквы ы – и после при ставок
и_черпать;с;с,з,ск;3.7.4 Правописание приставок. Буквы ы – и после при ставок
по_кладка;д;д,т;3.7.4 Правописание приставок. Буквы ы – и после при ставок
н_писать;а;а,о,ё,я;3.7.4 Правописание приставок. Буквы ы – и после при ставок
роз_грыш;ы;ы,и;3.7.4 Правописание приставок. Буквы ы – и после при ставок
с_путствовать;о;о,а,ё,ы;3.7.4 Правописание приставок. Буквы ы – и после при ставок
во_росший;з;з,с;3.7.4 Правописание приставок. Буквы ы – и после при ставок
с_трудник;о;о,а,ё,ы;3.7.4 Правописание приставок. Буквы ы – и после при ставок
пр_нарядиться;и;и,ы,е;3.7.4 Правописание приставок. Буквы ы – и после при ставок
об_ективный;ъ;ъ,ь;3.7.4 Правописание приставок. Буквы ы – и после при ставок
бе_шовный;с;с,з,ск;3.7.4 Правописание приставок. Буквы ы – и после при ставок
с_мпровизировать;ы;ы,и;3.7.4 Правописание приставок. Буквы ы – и после при ставок
об_ск;ы;ы,и;3.7.4 Правописание приставок. Буквы ы – и после при ставок
о_крывать;т;т,д;3.7.4 Правописание приставок. Буквы ы – и после при ставок
ант_художественный;и;и,ы,е;3.7.4 Правописание приставок. Буквы ы – и после при ставок
комп_ютер;ь;ь,ъ;3.7.4 Правописание приставок. Буквы ы – и после при ставок
ра_чёт;с;с,з,ск;3.7.4 Правописание приставок. Буквы ы – и после при ставок
меж_нститутский;и;и,ы,е;3.7.4 Правописание приставок. Буквы ы – и после при ставок
без_сходный;ы;ы,и;3.7.4 Правописание приставок. Буквы ы – и после при ставок
об_ёмный;ъ;ъ,ь;3.7.4 Правописание приставок. Буквы ы – и после при ставок
н_дломить;а;а,о,ё,я;3.7.4 Правописание приставок. Буквы ы – и после при ставок
пр_знаться;и;и,ы,е;3.7.4 Правописание приставок. Буквы ы – и после при ставок
сопр_косновение;и;и,ы,е;3.7.4 Правописание приставок. Буквы ы – и после при ставок
пре_ставить;д;д,т;3.7.4 Правописание приставок. Буквы ы – и после при ставок
из_явить;ъ;ъ,ь;3.7.4 Правописание приставок. Буквы ы – и после при ставок
и_портиться;с;с,з,ск;3.7.4 Правописание приставок. Буквы ы – и после при ставок
гостепр_имный;и;и,ы,е;3.7.4 Правописание приставок. Буквы ы – и после при ставок
по_небесный;д;д,т;3.7.4 Правописание приставок. Буквы ы – и после при ставок
д_скомфорт;и;и,ы,е;3.7.4 Правописание приставок. Буквы ы – и после при ставок
пр_открытый;и;и,ы,е;3.7.4 Правописание приставок. Буквы ы – и после при ставок
непр_рывный;е;е,и,ы;3.7.4 Правописание приставок. Буквы ы – и после при ставок
дез_нфекция;и;и,ы,е;3.7.4 Правописание приставок. Буквы ы – и после при ставок
р_зыграть;а;а,о,ё,я;3.7.4 Правописание приставок. Буквы ы – и после при ставок
меж_здательский;и;и,ы,е;3.7.4 Правописание приставок. Буквы ы – и после при ставок
с_езд;ъ;ъ,ь;3.7.4 Правописание приставок. Буквы ы – и после при ставок
по_деть;д;д,т;3.7.4 Правописание приставок. Буквы ы – и после при ставок
во_пылать;с;с,з,ск;3.7.4 Правописание приставок. Буквы ы – и после при ставок
пр_беречь;и;и,ы,е;3.7.4 Правописание приставок. Буквы ы – и после при ставок
и_балованный;з;з,с;3.7.4 Правописание приставок. Буквы ы – и после при ставок
пре_писать;д;д,т;3.7.4 Правописание приставок. Буквы ы – и после при ставок
д_верять;о;о,а,ё,ы;3.7.4 Правописание приставок. Буквы ы – и после при ставок
бе_брежный;з;з,с;3.7.4 Правописание приставок. Буквы ы – и после при ставок
поз_вчера;а;а,о,ё,я;3.7.4 Правописание приставок. Буквы ы – и после при ставок
ад_ютант;ъ;ъ,ь;3.7.4 Правописание приставок. Буквы ы – и после при ставок
пре_шествовать;д;д,т;3.7.4 Правописание приставок. Буквы ы – и после при ставок
не_добровать;с;с,з,ск;3.7.4 Правописание приставок. Буквы ы – и после при ставок
супер_гра;и;и,ы,е;3.7.4 Правописание приставок. Буквы ы – и после при ставок
д_сквалификация;и;и,ы,е;3.7.4 Правописание приставок. Буквы ы – и после при ставок
пр_добрый;е;е,и,ы;3.7.4 Правописание приставок. Буквы ы – и после при ставок
по_бирать;с;с,з,ск;3.7.4 Правописание приставок. Буквы ы – и после при ставок
пр_успеть;е;е,и,ы;3.7.4 Правописание приставок. Буквы ы – и после при ставок
в_дремнуть;з;з,с;3.7.4 Правописание приставок. Буквы ы – и после при ставок
под_ехать;ъ;ъ,ь;3.7.4 Правописание приставок. Буквы ы – и после при ставок
пр_обладать;е;е,и,ы;3.7.4 Правописание приставок. Буквы ы – и после при ставок
меж_языковой;ъ;ъ,ь;3.7.4 Правописание приставок. Буквы ы – и после при ставок
вз_скание;ы;ы,и;3.7.4 Правописание приставок. Буквы ы – и после при ставок
по_стёжка;д;д,т;3.7.4 Правописание приставок. Буквы ы – и после при ставок
пр_ходимость;е;е,и,ы;3.7.4 Правописание приставок. Буквы ы – и после при ставок
и_правный;с;с,з,ск;3.7.4 Правописание приставок. Буквы ы – и после при ставок
бе_численный;с;с,з,ск;3.7.4 Правописание приставок. Буквы ы – и после при ставок
и_желта-красный;з;з,с;3.7.4 Правописание приставок. Буквы ы – и после при ставок
и_биратель;з;з,с;3.7.4 Правописание приставок. Буквы ы – и после при ставок
в_юга;ь;ь,ъ;3.7.4 Правописание приставок. Буквы ы – и после при ставок
пред_явить;ъ;ъ,ь;3.7.4 Правописание приставок. Буквы ы – и после при ставок
пр_родина;а;а,о,ё,я;3.7.4 Правописание приставок. Буквы ы – и после при ставок
пр_емлемый;и;и,ы,е;3.7.4 Правописание приставок. Буквы ы – и после при ставок
в_балтывать;з;з,с;3.7.4 Правописание приставок. Буквы ы – и после при ставок
пре_вкушение;д;д,т;3.7.4 Правописание приставок. Буквы ы – и после при ставок
меж_гровой;и;и,ы,е;3.7.4 Правописание приставок. Буквы ы – и после при ставок
обез_яна;ь;ь,ъ;3.7.4 Правописание приставок. Буквы ы – и после при ставок
вз_ерошить;ъ;ъ,ь;3.7.4 Правописание приставок. Буквы ы – и после при ставок
пр_крепить;и;и,ы,е;3.7.4 Правописание приставок. Буквы ы – и после при ставок
в_ездной;ъ;ъ,ь;3.7.4 Правописание приставок. Буквы ы – и после при ставок
пр_своить;и;и,ы,е;3.7.4 Правописание приставок. Буквы ы – и после при ставок
под_езд;ъ;ъ,ь;3.7.4 Правописание приставок. Буквы ы – и после при ставок
на_пись;д;д,т;3.7.4 Правописание приставок. Буквы ы – и после при ставок
и_кажённый;с;с,з,ск;3.7.4 Правописание приставок. Буквы ы – и после при ставок
п_еса;ь;ь,ъ;3.7.4 Правописание приставок. Буквы ы – и после при ставок
нед_верчивый;о;о,а,ё,ы;3.7.4 Правописание приставок. Буквы ы – и после при ставок
о_душина;т;т,д;3.7.4 Правописание приставок. Буквы ы – и после при ставок
пр_ласкать;и;и,ы,е;3.7.4 Правописание приставок. Буквы ы – и после при ставок
на_ломленный;д;д,т;3.7.4 Правописание приставок. Буквы ы – и после при ставок
ра_порядок;с;с,з,ск;3.7.4 Правописание приставок. Буквы ы – и после при ставок
вн_атмосферный;е;е,и,ы;3.7.4 Правописание приставок. Буквы ы – и после при ставок
с_естной;ъ;ъ,ь;3.7.4 Правописание приставок. Буквы ы – и после при ставок
бе_жалостный;з;з,с;3.7.4 Правописание приставок. Буквы ы – и после при ставок
пас_янс;ь;ь,ъ;3.7.4 Правописание приставок. Буквы ы – и после при ставок
арх_важный;и;и,ы,е;3.7.4 Правописание приставок. Буквы ы – и после при ставок
на_ломиться;д;д,т;3.7.4 Правописание приставок. Буквы ы – и после при ставок
пр_горелый;и;и,ы,е;3.7.4 Правописание приставок. Буквы ы – и после при ставок
небез_звестный;ы;ы,и;3.7.4 Правописание приставок. Буквы ы – и после при ставок
из_сканный;ы;ы,и;3.7.4 Правописание приставок. Буквы ы – и после при ставок
от_грать;ы;ы,и;3.7.4 Правописание приставок. Буквы ы – и после при ставок
не_держанный;с;с,з,ск;3.7.4 Правописание приставок. Буквы ы – и после при ставок
сверх_зысканный;и;и,ы,е;3.7.4 Правописание приставок. Буквы ы – и после при ставок
о_брасывать;т;т,д;3.7.4 Правописание приставок. Буквы ы – и после при ставок
в_едливый;ъ;ъ,ь;3.7.4 Правописание приставок. Буквы ы – и после при ставок
пред_юбилейный;ъ;ъ,ь;3.7.4 Правописание приставок. Буквы ы – и после при ставок
без_нтересный;ы;ы,и;3.7.4 Правописание приставок. Буквы ы – и после при ставок
нен_глядный;а;а,о,ё,я;3.7.4 Правописание приставок. Буквы ы – и после при ставок
пр_увеличить;е;е,и,ы;3.7.4 Правописание приставок. Буквы ы – и после при ставок
ра_ширить;с;с,з,ск;3.7.4 Правописание приставок. Буквы ы – и после при ставок
пред_дущий;ы;ы,и;3.7.4 Правописание приставок. Буквы ы – и после при ставок
пр_спокойно;е;е,и,ы;3.7.4 Правописание приставок. Буквы ы – и после при ставок
без_скусный;ы;ы,и;3.7.4 Правописание приставок. Буквы ы – и после при ставок
в_зместить;о;о,а,ё,ы;3.7.4 Правописание приставок. Буквы ы – и после при ставок
ра_торгнуть;с;с,з,ск;3.7.4 Правописание приставок. Буквы ы – и после при ставок
от_грывать;ы;ы,и;3.7.4 Правописание приставок. Буквы ы – и после при ставок
о_звук;т;т,д;3.7.4 Правописание приставок. Буквы ы – и после при ставок
под_язычный;ъ;ъ,ь;3.7.4 Правописание приставок. Буквы ы – и после при ставок
и_коверкать;с;с,з,ск;3.7.4 Правописание приставок. Буквы ы – и после при ставок
пре_писание;д;д,т;3.7.4 Правописание приставок. Буквы ы – и после при ставок
необ_ятный;ъ;ъ,ь;3.7.4 Правописание приставок. Буквы ы – и после при ставок
бе_перспективный;с;с,з,ск;3.7.4 Правописание приставок. Буквы ы – и после при ставок
раз_ём;ъ;ъ,ь;3.7.4 Правописание приставок. Буквы ы – и после при ставок
кар_ера;ь;ь,ъ;3.7.4 Правописание приставок. Буквы ы – и после при ставок
пр_щуриться;и;и,ы,е;3.7.4 Правописание приставок. Буквы ы – и после при ставок
суб_ект;ъ;ъ,ь;3.7.4 Правописание приставок. Буквы ы – и после при ставок
ра_шевелить;с;с,з,ск;3.7.4 Правописание приставок. Буквы ы – и после при ставок
пр_исполненный;е;е,и,ы;3.7.4 Правописание приставок. Буквы ы – и после при ставок
ра_средоточивать;с;с,з,ск;3.7.4 Правописание приставок. Буквы ы – и после при ставок
не_держанность;с;с,з,ск;3.7.4 Правописание приставок. Буквы ы – и после при ставок
п_дбодрить;о;о,а,ё,ы;3.7.4 Правописание приставок. Буквы ы – и после при ставок
об_льстить;о;о,а,ё,ы;3.7.4 Правописание приставок. Буквы ы – и после при ставок
пред_нфарктный;ы;ы,и;3.7.4 Правописание приставок. Буквы ы – и после при ставок
пр_обретение;и;и,ы,е;3.7.4 Правописание приставок. Буквы ы – и после при ставок
пр_шелец;и;и,ы,е;3.7.4 Правописание приставок. Буквы ы – и после при ставок
с_переживание;о;о,а,ё,ы;3.7.4 Правописание приставок. Буквы ы – и после при ставок
пост_ндустриальный;и;и,ы,е;3.7.4 Правописание приставок. Буквы ы – и после при ставок
пре_полагать;д;д,т;3.7.4 Правописание приставок. Буквы ы – и после при ставок
з_ход;а;а,о,ё,я;3.7.4 Правописание приставок. Буквы ы – и после при ставок
п_играть;о;о,а,ё,ы;3.7.4 Правописание приставок. Буквы ы – и после при ставок
пед_нститут;и;и,ы,е;3.7.4 Правописание приставок. Буквы ы – и после при ставок
вз_ерошенный;ъ;ъ,ь;3.7.4 Правописание приставок. Буквы ы – и после при ставок
п_знавательный;о;о,а,ё,ы;3.7.4 Правописание приставок. Буквы ы – и после при ставок
н_илучший;а;а,о,ё,я;3.7.4 Правописание приставок. Буквы ы – и после при ставок
з_рисовка;а;а,о,ё,я;3.7.4 Правописание приставок. Буквы ы – и после при ставок
без_ндукционный;ы;ы,и;3.7.4 Правописание приставок. Буквы ы – и после при ставок
пр_неприятный;е;е,и,ы;3.7.4 Правописание приставок. Буквы ы – и после при ставок
ни_послать;с;с,з,ск;3.7.4 Правописание приставок. Буквы ы – и после при ставок
воз_меть;ы;ы,и;3.7.4 Правописание приставок. Буквы ы – и после при ставок
гнездов_е;ь;ь,ъ;3.7.4 Правописание приставок. Буквы ы – и после при ставок
прои_шествие;с;с,з,ск;3.7.4 Правописание приставок. Буквы ы – и после при ставок
бе_вестный;з;з,с;3.7.4 Правописание приставок. Буквы ы – и после при ставок
бе_человечный;с;с,з,ск;3.7.4 Правописание приставок. Буквы ы – и после при ставок
и_сякнуть;с;с,з,ск;3.7.4 Правописание приставок. Буквы ы – и после при ставок
бе_граничный;з;з,с;3.7.4 Правописание приставок. Буквы ы – и после при ставок
пр_дсказать;е;е,и,ы;3.7.4 Правописание приставок. Буквы ы – и после при ставок
раз_грать;ы;ы,и;3.7.4 Правописание приставок. Буквы ы – и после при ставок
и_пугать;с;с,з,ск;3.7.4 Правописание приставок. Буквы ы – и после при ставок
на_кусить;д;д,т;3.7.4 Правописание приставок. Буквы ы – и после при ставок
с_рвать;о;о,а,ё,ы;3.7.4 Правописание приставок. Буквы ы – и после при ставок
п_дпустить;о;о,а,ё,ы;3.7.4 Правописание приставок. Буквы ы – и после при ставок
р_зыскать;а;а,о,ё,я;3.7.4 Правописание приставок. Буквы ы – и после при ставок
ра_мешать;з;з,с;3.7.4 Правописание приставок. Буквы ы – и после при ставок
р_спорядиться;а;а,о,ё,я;3.7.4 Правописание приставок. Буквы ы – и после при ставок
и_черченный;с;с,з,ск;3.7.4 Правописание приставок. Буквы ы – и после при ставок
ра_щедриться;с;с,з,ск;3.7.4 Правописание приставок. Буквы ы – и после при ставок
не_хватный;о;о,а,ё,ы;3.7.4 Правописание приставок. Буквы ы – и после при ставок
пре_пусковой;д;д,т;3.7.4 Правописание приставок. Буквы ы – и после при ставок
о_дежурить;т;т,д;3.7.4 Правописание приставок. Буквы ы – и после при ставок
пр_вращение;е;е,и,ы;3.7.4 Правописание приставок. Буквы ы – и после при ставок
двух_ярусный;ъ;ъ,ь;3.7.4 Правописание приставок. Буквы ы – и после при ставок
вороб_иный;ь;ь,ъ;3.7.4 Правописание приставок. Буквы ы – и после при ставок
арх_опасный;и;и,ы,е;3.7.4 Правописание приставок. Буквы ы – и после при ставок
по_сковик;и;и,ы,е;3.7.4 Правописание приставок. Буквы ы – и после при ставок
от_граться;ы;ы,и;3.7.4 Правописание приставок. Буквы ы – и после при ставок
и_пуг;с;с,з,ск;3.7.4 Правописание приставок. Буквы ы – и после при ставок
бе_порядочный;с;с,з,ск;3.7.4 Правописание приставок. Буквы ы – и после при ставок
ра_писание;с;с,з,ск;3.7.4 Правописание приставок. Буквы ы – и после при ставок
ни_посланный;с;с,з,ск;3.7.4 Правописание приставок. Буквы ы – и после при ставок
непр_годный;и;и,ы,е;3.7.4 Правописание приставок. Буквы ы – и после при ставок
с_гласие;о;о,а,ё,ы;3.7.4 Правописание приставок. Буквы ы – и после при ставок
и_колесить;с;с,з,ск;3.7.4 Правописание приставок. Буквы ы – и после при ставок
бе_дельник;з;з,с;3.7.4 Правописание приставок. Буквы ы – и после при ставок
на_почечник;д;д,т;3.7.4 Правописание приставок. Буквы ы – и после при ставок
бе_болезненно;з;з,с;3.7.4 Правописание приставок. Буквы ы – и после при ставок
ра_сеять;с;с,з,ск;3.7.4 Правописание приставок. Буквы ы – и после при ставок
пр_волье;и;и,ы,е;3.7.4 Правописание приставок. Буквы ы – и после при ставок
и_порченный;с;с,з,ск;3.7.4 Правописание приставок. Буквы ы – и после при ставок
мирово_зрение;з;з,с;3.7.4 Правописание приставок. Буквы ы – и после при ставок
з_ночевать;а;а,о,ё,я;3.7.4 Правописание приставок. Буквы ы – и после при ставок
пр_волжский;и;и,ы,е;3.7.4 Правописание приставок. Буквы ы – и после при ставок
з_певала;а;а,о,ё,я;3.7.4 Правописание приставок. Буквы ы – и после при ставок
пр_чудливый;и;и,ы,е;3.7.4 Правописание приставок. Буквы ы – и после при ставок
сверх_нтересный;и;и,ы,е;3.7.4 Правописание приставок. Буквы ы – и после при ставок
д_монтаж;е;е,и,ы;3.7.4 Правописание приставок. Буквы ы – и после при ставок
пр_остановить;и;и,ы,е;3.7.4 Правописание приставок. Буквы ы – и после при ставок
и_бавиться;з;з,с;3.7.4 Правописание приставок. Буквы ы – и после при ставок
пр_изойти;о;о,а,ё,ы;3.7.4 Правописание приставок. Буквы ы – и после при ставок
пост_мпрессионизм;и;и,ы,е;3.7.4 Правописание приставок. Буквы ы – и после при ставок
ра_чищенный;с;с,з,ск;3.7.4 Правописание приставок. Буквы ы – и после при ставок
пр_стройка;и;и,ы,е;3.7.4 Правописание приставок. Буквы ы – и после при ставок
пр_школьный;и;и,ы,е;3.7.4 Правописание приставок. Буквы ы – и после при ставок
пр_терпеться;и;и,ы,е;3.7.4 Правописание приставок. Буквы ы – и после при ставок
в_плотить;о;о,а,ё,ы;3.7.4 Правописание приставок. Буквы ы – и после при ставок
бе_принципный;с;с,з,ск;3.7.4 Правописание приставок. Буквы ы – и после при ставок
по_солнечник;д;д,т;3.7.4 Правописание приставок. Буквы ы – и после при ставок
бе_компромиссный;с;с,з,ск;3.7.4 Правописание приставок. Буквы ы – и после при ставок
за_нтересовать;и;и,ы,е;3.7.4 Правописание приставок. Буквы ы – и после при ставок
и_траченный;с;с,з,ск;3.7.4 Правописание приставок. Буквы ы – и после при ставок
пр_озёрный;и;и,ы,е;3.7.4 Правописание приставок. Буквы ы – и после при ставок
сверх_естественный;ъ;ъ,ь;3.7.4 Правописание приставок. Буквы ы – и после при ставок
п_переменно;о;о,а,ё,ы;3.7.4 Правописание приставок. Буквы ы – и после при ставок
в_юнок;ь;ь,ъ;3.7.4 Правописание приставок. Буквы ы – и после при ставок
бе_земельный;з;з,с;3.7.4 Правописание приставок. Буквы ы – и после при ставок
пр_бавление;и;и,ы,е;3.7.4 Правописание приставок. Буквы ы – и после при ставок
с_ёмщик;ъ;ъ,ь;3.7.4 Правописание приставок. Буквы ы – и после при ставок
с_митировать;ы;ы,и;3.7.4 Правописание приставок. Буквы ы – и после при ставок
мед_нститут;и;и,ы,е;3.7.4 Правописание приставок. Буквы ы – и после при ставок
ра_делка;з;з,с;3.7.4 Правописание приставок. Буквы ы – и после при ставок
не_тъемлемый;о;о,а,ё,ы;3.7.4 Правописание приставок. Буквы ы – и после при ставок
пр_образ;о;о,а,ё,ы;3.7.4 Правописание приставок. Буквы ы – и после при ставок
в_рыхлить;з;з,с;3.7.4 Правописание приставок. Буквы ы – и после при ставок
о_благодарить;т;т,д;3.7.4 Правописание приставок. Буквы ы – и после при ставок
ра_колоть;с;с,з,ск;3.7.4 Правописание приставок. Буквы ы – и после при ставок
без_нициативный;ы;ы,и;3.7.4 Правописание приставок. Буквы ы – и после при ставок
чере_чур;с;с,з,ск;3.7.4 Правописание приставок. Буквы ы – и после при ставок
пред_явитель;ъ;ъ,ь;3.7.4 Правописание приставок. Буквы ы – и после при ставок
бе_болезненный;з;з,с;3.7.4 Правописание приставок. Буквы ы – и после при ставок
под_тожить;ы;ы,и;3.7.4 Правописание приставок. Буквы ы – и после при ставок
о_бой;т;т,д;3.7.4 Правописание приставок. Буквы ы – и после при ставок
застр_вать;е;е,и,ы;3.7.5 Правописание суффиксов
суч_к;о;о,а,ё,ы;3.7.5 Правописание суффиксов
реш_нный;ё;ё,о,а,я;3.7.5 Правописание суффиксов
ноч_вка;ё;ё,о,а,я;3.7.5 Правописание суффиксов
ненавид_мый;и;и,ы,е;3.7.5 Правописание суффиксов
запот_вать;е;е,и,ы;3.7.5 Правописание суффиксов
гречн_вый;е;е,и,ы;3.7.5 Правописание суффиксов
прослуш_нный;а;а,о,ё,я;3.7.5 Правописание суффиксов
заботл_вый;и;и,ы,е;3.7.5 Правописание суффиксов
руч_нка;о;о,а,ё,ы;3.7.5 Правописание суффиксов
разбавл_нный;е;е,и,ы;3.7.5 Правописание суффиксов
стел_щийся;ю;ю,у;3.7.5 Правописание суффиксов
берест_ной;я;я,е,а,о;3.7.5 Правописание суффиксов
кали_вый;е;е,и,ы;3.7.5 Правописание суффиксов
немину_мый;е;е,и,ы;3.7.5 Правописание суффиксов
разборч_вый;и;и,ы,е;3.7.5 Правописание суффиксов
насмешл_вый;и;и,ы,е;3.7.5 Правописание суффиксов
уклонч_вый;и;и,ы,е;3.7.5 Правописание суффиксов
звоноч_к;е;е,и,ы;3.7.5 Правописание суффиксов
бор_щийся;ю;ю,у;3.7.5 Правописание суффиксов
недолюбл_вать;и;и,ы,е;3.7.5 Правописание суффиксов
кавказ_кий;с;с,з,ск;3.7.5 Правописание суффиксов
эмал_вый;е;е,и,ы;3.7.5 Правописание суффиксов
миндал_вый;е;е,и,ы;3.7.5 Правописание суффиксов
клетч_тый;а;а,о,ё,я;3.7.5 Правописание суффиксов
вид_мый;и;и,ы,е;3.7.5 Правописание суффиксов
завлад_вать;е;е,и,ы;3.7.5 Правописание суффиксов
дымч_тый;а;а,о,ё,я;3.7.5 Правописание суффиксов
доверч_вый;и;и,ы,е;3.7.5 Правописание суффиксов
щавел_вый;е;е,и,ы;3.7.5 Правописание суффиксов
ожида_мый;е;е,и,ы;3.7.5 Правописание суффиксов
независ_мый;и;и,ы,е;3.7.5 Правописание суффиксов
заносч_вый;и;и,ы,е;3.7.5 Правописание суффиксов
светл_нький;е;е,и,ы;3.7.5 Правописание суффиксов
француз_кий;с;с,з,ск;3.7.5 Правописание суффиксов
изменч_вость;и;и,ы,е;3.7.5 Правописание суффиксов
претерп_вать;е;е,и,ы;3.7.5 Правописание суффиксов
издавн_;а;а,о,ё,я;3.7.5 Правописание суффиксов
повизг_вать;и;и,ы,е;3.7.5 Правописание суффиксов
опрометч_вость;и;и,ы,е;3.7.5 Правописание суффиксов
повенч_нный;а;а,о,ё,я;3.7.5 Правописание суффиксов
взлеле_нный;я;я,е,а,о;3.7.5 Правописание суффиксов
бесед_вать;о;о,а,ё,ы;3.7.5 Правописание суффиксов
увид_нный;е;е,и,ы;3.7.5 Правописание суффиксов
овлад_вать;е;е,и,ы;3.7.5 Правописание суффиксов
сначал_;а;а,о,ё,я;3.7.5 Правописание суффиксов
вороч_ться;а;а,о,ё,я;3.7.5 Правописание суффиксов
луков_ца;и;и,ы,е;3.7.5 Правописание суффиксов
обиж_нный;е;е,и,ы;3.7.5 Правописание суффиксов
горош_нка;и;и,ы,е;3.7.5 Правописание суффиксов
спорщ_к;и;и,ы,е;3.7.5 Правописание суффиксов
гор_вать;е;е,и,ы;3.7.5 Правописание суффиксов
обустра_ваться;и;и,ы,е;3.7.5 Правописание суффиксов
изворотл_вый;и;и,ы,е;3.7.5 Правописание суффиксов
сердц_вина;е;е,и,ы;3.7.5 Правописание суффиксов
насла_ваться;и;и,ы,е;3.7.5 Правописание суффиксов
непоседл_вый;и;и,ы,е;3.7.5 Правописание суффиксов
невид_мый;и;и,ы,е;3.7.5 Правописание суффиксов
смаз_ик;ч;ч,щ;3.7.5 Правописание суффиксов
алюмини_вый;е;е,и,ы;3.7.5 Правописание суффиксов
въедл_вый;и;и,ы,е;3.7.5 Правописание суффиксов
глянц_вый;е;е,и,ы;3.7.5 Правописание суффиксов
накрепк_;о;о,а,ё,ы;3.7.5 Правописание суффиксов
замш_вый;е;е,и,ы;3.7.5 Правописание суффиксов
обнаруж_нный;е;е,и,ы;3.7.5 Правописание суффиксов
стар_нький;е;е,и,ы;3.7.5 Правописание суффиксов
молод_нький;е;е,и,ы;3.7.5 Правописание суффиксов
медвед_ца;и;и,ы,е;3.7.5 Правописание суффиксов
намер_ваться;е;е,и,ы;3.7.5 Правописание суффиксов
свар_ик;щ;щ,ч;3.7.5 Правописание суффиксов
вывеш_вать;и;и,ы,е;3.7.5 Правописание суффиксов
пугов_ца;и;и,ы,е;3.7.5 Правописание суффиксов
потрач_нный;е;е,и,ы;3.7.5 Правописание суффиксов
незыбл_мый;е;е,и,ы;3.7.5 Правописание суффиксов
потреб_вать;о;о,а,ё,ы;3.7.5 Правописание суффиксов
обид_ться;е;е,и,ы;3.7.5 Правописание суффиксов
весёл_нький;е;е,и,ы;3.7.5 Правописание суффиксов
неряшл_во;и;и,ы,е;3.7.5 Правописание суффиксов
преподават_ль;е;е,и,ы;3.7.5 Правописание суффиксов
наде_щийся;ю;ю,у;3.7.5 Правописание суффиксов
слыш_мый;и;и,ы,е;3.7.5 Правописание суффиксов
усидч_вый;и;и,ы,е;3.7.5 Правописание суффиксов
неприветл_вый;и;и,ы,е;3.7.5 Правописание суффиксов
переменч_вый;и;и,ы,е;3.7.5 Правописание суффиксов
животрепещ_щий;у;у,ю;3.7.5 Правописание суффиксов
швед_кий;с;с,з,ск;3.7.5 Правописание суффиксов
недоум_вать;е;е,и,ы;3.7.5 Правописание суффиксов
свет_кий;с;с,з,ск;3.7.5 Правописание суффиксов
остр_нький;е;е,и,ы;3.7.5 Правописание суффиксов
одол_вать;е;е,и,ы;3.7.5 Правописание суффиксов
черешн_вый;е;е,и,ы;3.7.5 Правописание суффиксов
обнаруж_вать;и;и,ы,е;3.7.5 Правописание суффиксов
сетч_тый;а;а,о,ё,я;3.7.5 Правописание суффиксов
программир_вать;о;о,а,ё,ы;3.7.5 Правописание суффиксов
затм_вать;е;е,и,ы;3.7.5 Правописание суффиксов
задумч_вый;и;и,ы,е;3.7.5 Правописание суффиксов
расцвеч_нный;е;е,и,ы;3.7.5 Правописание суффиксов
закле_нный;е;е,и,ы;3.7.5 Правописание суффиксов
улыбч_вый;и;и,ы,е;3.7.5 Правописание суффиксов
неопису_мый;е;е,и,ы;3.7.5 Правописание суффиксов
размеж_ваться;е;е,и,ы;3.7.5 Правописание суффиксов
неуживч_вый;и;и,ы,е;3.7.5 Правописание суффиксов
назойл_вый;и;и,ы,е;3.7.5 Правописание суффиксов
сладк_ватый;о;о,а,ё,ы;3.7.5 Правописание суффиксов
милост_вый;и;и,ы,е;3.7.5 Правописание суффиксов
ткан_вый;е;е,и,ы;3.7.5 Правописание суффиксов
сирен_вый;е;е,и,ы;3.7.5 Правописание суффиксов
скле_нный;е;е,и,ы;3.7.5 Правописание суффиксов
перестро_нный;е;е,и,ы;3.7.5 Правописание суффиксов
воодуш_вить;е;е,и,ы;3.7.5 Правописание суффиксов
толщ_на;и;и,ы,е;3.7.5 Правописание суффиксов
кварц_вый;е;е,и,ы;3.7.5 Правописание суффиксов
рождеств_нский;е;е,и,ы;3.7.5 Правописание суффиксов
кресл_це;и;и,ы,е;3.7.5 Правописание суффиксов
дремл_щий;ю;ю,у;3.7.5 Правописание суффиксов
охраня_мый;е;е,и,ы;3.7.5 Правописание суффиксов
питом_ц;е;е,и,ы;3.7.5 Правописание суффиксов
подароч_к;е;е,и,ы;3.7.5 Правописание суффиксов
крас_щийся;я;я,е,а,о;3.7.5 Правописание суффиксов
масл_це;и;и,ы,е;3.7.5 Правописание суффиксов
обеспеч_вать;и;и,ы,е;3.7.5 Правописание суффиксов
вытащ_нный;е;е,и,ы;3.7.5 Правописание суффиксов
посме_ваться;и;и,ы,е;3.7.5 Правописание суффиксов
талантл_вый;и;и,ы,е;3.7.5 Правописание суффиксов
сахарн_ца;и;и,ы,е;3.7.5 Правописание суффиксов
обеспеч_нный;е;е,и,ы;3.7.5 Правописание суффиксов
брош_нный;е;е,и,ы;3.7.5 Правописание суффиксов
сирен_ватый;е;е,и,ы;3.7.5 Правописание суффиксов
рул_вой;е;е,и,ы;3.7.5 Правописание суффиксов
нищ_нский;е;е,и,ы;3.7.5 Правописание суффиксов
колебл_мый;е;е,и,ы;3.7.5 Правописание суффиксов
продл_вать;е;е,и,ы;3.7.5 Правописание суффиксов
плать_це;и;и,ы,е;3.7.5 Правописание суффиксов
подкле_нный;е;е,и,ы;3.7.5 Правописание суффиксов
купл_нный;е;е,и,ы;3.7.5 Правописание суффиксов
попроб_вать;о;о,а,ё,ы;3.7.5 Правописание суффиксов
выносл_вый;и;и,ы,е;3.7.5 Правописание суффиксов
завид_вать;о;о,а,ё,ы;3.7.5 Правописание суффиксов
выздоравл_вать;и;и,ы,е;3.7.5 Правописание суффиксов
движ_щийся;у;у,ю;3.7.5 Правописание суффиксов
карманч_к;и;и,ы,е;3.7.5 Правописание суффиксов
украш_нный;е;е,и,ы;3.7.5 Правописание суффиксов
магни_вый;е;е,и,ы;3.7.5 Правописание суффиксов
рассчит_вать;ы;ы,и;3.7.5 Правописание суффиксов
рубаш_чный;е;е,и,ы;3.7.5 Правописание суффиксов
боч_нок;о;о,а,ё,ы;3.7.5 Правописание суффиксов
налаж_вать;и;и,ы,е;3.7.5 Правописание суффиксов
парч_вый;о;о,а,ё,ы;3.7.5 Правописание суффиксов
вдумч_вый;и;и,ы,е;3.7.5 Правописание суффиксов
нищ_та;е;е,и,ы;3.7.5 Правописание суффиксов
завистл_вый;и;и,ы,е;3.7.5 Правописание суффиксов
отрасл_вой;е;е,и,ы;3.7.5 Правописание суффиксов
дружоч_к;е;е,и,ы;3.7.5 Правописание суффиксов
переплёт_ик;ч;ч,щ;3.7.5 Правописание суффиксов
засветл_;о;о,а,ё,ы;3.7.5 Правописание суффиксов
врем_чко;е;е,и,ы;3.7.5 Правописание суффиксов
завис_мый;и;и,ы,е;3.7.5 Правописание суффиксов
крюч_к;о;о,а,ё,ы;3.7.5 Правописание суффиксов
сверка_щий;ю;ю,у;3.7.5 Правописание суффиксов
яблон_вый;е;е,и,ы;3.7.5 Правописание суффиксов
расплывч_тый;а;а,о,ё,я;3.7.5 Правописание суффиксов
матрос_кий;с;с,з,ск;3.7.5 Правописание суффиксов
исслед_вать;о;о,а,ё,ы;3.7.5 Правописание суффиксов
несгиба_мый;е;е,и,ы;3.7.5 Правописание суффиксов
аплодир_вать;о;о,а,ё,ы;3.7.5 Правописание суффиксов
осмысл_нный;е;е,и,ы;3.7.5 Правописание суффиксов
фасол_вый;е;е,и,ы;3.7.5 Правописание суффиксов
распущ_нный;е;е,и,ы;3.7.5 Правописание суффиксов
огранич_нный;е;е,и,ы;3.7.5 Правописание суффиксов
вити_ватый;е;е,и,ы;3.7.5 Правописание суффиксов
ландыш_вый;е;е,и,ы;3.7.5 Правописание суффиксов
натри_вый;е;е,и,ы;3.7.5 Правописание суффиксов
высуш_нный;е;е,и,ы;3.7.5 Правописание суффиксов
ноздр_ватый;е;е,и,ы;3.7.5 Правописание суффиксов
привередл_вый;и;и,ы,е;3.7.5 Правописание суффиксов
син_ватый;е;е,и,ы;3.7.5 Правописание суффиксов
определя_мый;е;е,и,ы;3.7.5 Правописание суффиксов
никел_вый;е;е,и,ы;3.7.5 Правописание суффиксов
варень_це;и;и,ы,е;3.7.5 Правописание суффиксов
муч_ться;и;и,ы,е;3.7.5 Правописание суффиксов
провер_нный;е;е,и,ы;3.7.5 Правописание суффиксов
подта_вший;я;я,е,а,о;3.7.5 Правописание суффиксов
девч_нка;о;о,а,ё,ы;3.7.5 Правописание суффиксов
подстриж_нный;е;е,и,ы;3.7.5 Правописание суффиксов
незабыва_мый;е;е,и,ы;3.7.5 Правописание суффиксов
незнач_щий;а;а,о,ё,я;3.7.5 Правописание суффиксов
затверд_вать;е;е,и,ы;3.7.5 Правописание суффиксов
засе_нный;я;я,е,а,о;3.7.5 Правописание суффиксов
тащ_щий;а;а,о,ё,я;3.7.5 Правописание суффиксов
движ_мый;и;и,ы,е;3.7.5 Правописание суффиксов
устра_вать;и;и,ы,е;3.7.5 Правописание суффиксов
расчётл_вый;и;и,ы,е;3.7.5 Правописание суффиксов
ослаб_вать;е;е,и,ы;3.7.5 Правописание суффиксов
нож_вка;о;о,а,ё,ы;3.7.5 Правописание суффиксов
предприимч_вый;и;и,ы,е;3.7.5 Правописание суффиксов
подчёрк_вать;и;и,ы,е;3.7.5 Правописание суффиксов
англо-рус_кий;с;с,з,ск;3.7.5 Правописание суффиксов
завед_вать;о;о,а,ё,ы;3.7.5 Правописание суффиксов
раздум_вать;ы;ы,и;3.7.5 Правописание суффиксов
кашл_ть;я;я,е,а,о;3.7.5 Правописание суффиксов
горош_к;е;е,и,ы;3.7.5 Правописание суффиксов
волшебн_ца;и;и,ы,е;3.7.5 Правописание суффиксов
скромн_нький;е;е,и,ы;3.7.5 Правописание суффиксов
отво_вать;е;е,и,ы;3.7.5 Правописание суффиксов
сызнов_;а;а,о,ё,я;3.7.5 Правописание суффиксов
кармаш_к;е;е,и,ы;3.7.5 Правописание суффиксов
шеств_вать;о;о,а,ё,ы;3.7.5 Правописание суффиксов
увенч_нный;а;а,о,ё,я;3.7.5 Правописание суффиксов
камыш_вый;о;о,а,ё,ы;3.7.5 Правописание суффиксов
довер_нный;е;е,и,ы;3.7.5 Правописание суффиксов
необита_мый;е;е,и,ы;3.7.5 Правописание суффиксов
беспоко_щийся;я;я,е,а,о;3.7.5 Правописание суффиксов
медвеж_нок;о;о,а,ё,ы;3.7.5 Правописание суффиксов
сброш_нный;е;е,и,ы;3.7.5 Правописание суффиксов
солом_нка;и;и,ы,е;3.7.5 Правописание суффиксов
ситц_вый;е;е,и,ы;3.7.5 Правописание суффиксов
глин_стый;и;и,ы,е;3.7.5 Правописание суффиксов
вежл_вый;и;и,ы,е;3.7.5 Правописание суффиксов
ненавид_мый;и;и,ы,е;3.7.8 Правописание окончаний имён существительных, имён прилагательных и глаголов
прослуш_нный;а;а,о,ё,я;3.7.8 Правописание окончаний имён существительных, имён прилагательных и глаголов
разбавл_нный;е;е,и,ы;3.7.8 Правописание окончаний имён существительных, имён прилагательных и глаголов
стел_щийся;ю;ю,у;3.7.8 Правописание окончаний имён существительных, имён прилагательных и глаголов
немину_мый;е;е,и,ы;3.7.8 Правописание окончаний имён существительных, имён прилагательных и глаголов
бор_щийся;ю;ю,у;3.7.8 Правописание окончаний имён существительных, имён прилагательных и глаголов
вид_мый;и;и,ы,е;3.7.8 Правописание окончаний имён существительных, имён прилагательных и глаголов
ожида_мый;е;е,и,ы;3.7.8 Правописание окончаний имён существительных, имён прилагательных и глаголов
независ_мый;и;и,ы,е;3.7.8 Правописание окончаний имён существительных, имён прилагательных и глаголов
повенч_нный;а;а,о,ё,я;3.7.8 Правописание окончаний имён существительных, имён прилагательных и глаголов
пилотиру_мый;е;е,и,ы;3.7.8 Правописание окончаний имён существительных, имён прилагательных и глаголов
взлеле_нный;я;я,е,а,о;3.7.8 Правописание окончаний имён существительных, имён прилагательных и глаголов
увид_нный;е;е,и,ы;3.7.8 Правописание окончаний имён существительных, имён прилагательных и глаголов
обиж_нный;е;е,и,ы;3.7.8 Правописание окончаний имён существительных, имён прилагательных и глаголов
муч_мый;и;и,ы,е;3.7.8 Правописание окончаний имён существительных, имён прилагательных и глаголов
невид_мый;и;и,ы,е;3.7.8 Правописание окончаний имён существительных, имён прилагательных и глаголов
обнаруж_нный;е;е,и,ы;3.7.8 Правописание окончаний имён существительных, имён прилагательных и глаголов
потрач_нный;е;е,и,ы;3.7.8 Правописание окончаний имён существительных, имён прилагательных и глаголов
незыбл_мый;е;е,и,ы;3.7.8 Правописание окончаний имён существительных, имён прилагательных и глаголов
наде_щийся;ю;ю,у;3.7.8 Правописание окончаний имён существительных, имён прилагательных и глаголов
слыш_мый;и;и,ы,е;3.7.8 Правописание окончаний имён существительных, имён прилагательных и глаголов
предусмотр_нный;е;е,и,ы;3.7.8 Правописание окончаний имён существительных, имён прилагательных и глаголов
животрепещ_щий;у;у,ю;3.7.8 Правописание окончаний имён существительных, имён прилагательных и глаголов
рассе_нный;я;я,е,а,о;3.7.8 Правописание окончаний имён существительных, имён прилагательных и глаголов
расцвеч_нный;е;е,и,ы;3.7.8 Правописание окончаний имён существительных, имён прилагательных и глаголов
закле_нный;е;е,и,ы;3.7.8 Правописание окончаний имён существительных, имён прилагательных и глаголов
неопису_мый;е;е,и,ы;3.7.8 Правописание окончаний имён существительных, имён прилагательных и глаголов
скле_нный;е;е,и,ы;3.7.8 Правописание окончаний имён существительных, имён прилагательных и глаголов
перестро_нный;е;е,и,ы;3.7.8 Правописание окончаний имён существительных, имён прилагательных и глаголов
дремл_щий;ю;ю,у;3.7.8 Правописание окончаний имён существительных, имён прилагательных и глаголов
охраня_мый;е;е,и,ы;3.7.8 Правописание окончаний имён существительных, имён прилагательных и глаголов
крас_щийся;я;я,е,а,о;3.7.8 Правописание окончаний имён существительных, имён прилагательных и глаголов
вытащ_нный;е;е,и,ы;3.7.8 Правописание окончаний имён существительных, имён прилагательных и глаголов
брош_нный;е;е,и,ы;3.7.8 Правописание окончаний имён существительных, имён прилагательных и глаголов
нищ_нский;е;е,и,ы;3.7.8 Правописание окончаний имён существительных, имён прилагательных и глаголов
колебл_мый;е;е,и,ы;3.7.8 Правописание окончаний имён существительных, имён прилагательных и глаголов
подкле_нный;е;е,и,ы;3.7.8 Правописание окончаний имён существительных, имён прилагательных и глаголов
получ_нный;е;е,и,ы;3.7.8 Правописание окончаний имён существительных, имён прилагательных и глаголов
купл_нный;е;е,и,ы;3.7.8 Правописание окончаний имён существительных, имён прилагательных и глаголов
движ_щийся;у;у,ю;3.7.8 Правописание окончаний имён существительных, имён прилагательных и глаголов
украш_нный;е;е,и,ы;3.7.8 Правописание окончаний имён существительных, имён прилагательных и глаголов
неприемл_мый;е;е,и,ы;3.7.8 Правописание окончаний имён существительных, имён прилагательных и глаголов
завис_мый;и;и,ы,е;3.7.8 Правописание окончаний имён существительных, имён прилагательных и глаголов
сверка_щий;ю;ю,у;3.7.8 Правописание окончаний имён существительных, имён прилагательных и глаголов
несгиба_мый;е;е,и,ы;3.7.8 Правописание окончаний имён существительных, имён прилагательных и глаголов
осмысл_нный;е;е,и,ы;3.7.8 Правописание окончаний имён существительных, имён прилагательных и глаголов
распущ_нный;е;е,и,ы;3.7.8 Правописание окончаний имён существительных, имён прилагательных и глаголов
огранич_нный;е;е,и,ы;3.7.8 Правописание окончаний имён существительных, имён прилагательных и глаголов
высуш_нный;е;е,и,ы;3.7.8 Правописание окончаний имён существительных, имён прилагательных и глаголов
определя_мый;е;е,и,ы;3.7.8 Правописание окончаний имён существительных, имён прилагательных и глаголов
муч_ться;и;и,ы,е;3.7.8 Правописание окончаний имён существительных, имён прилагательных и глаголов
провер_нный;е;е,и,ы;3.7.8 Правописание окончаний имён существительных, имён прилагательных и глаголов
подта_вший;я;я,е,а,о;3.7.8 Правописание окончаний имён существительных, имён прилагательных и глаголов
подстриж_нный;е;е,и,ы;3.7.8 Правописание окончаний имён существительных, имён прилагательных и глаголов
незабыва_мый;е;е,и,ы;3.7.8 Правописание окончаний имён существительных, имён прилагательных и глаголов
незнач_щий;а;а,о,ё,я;3.7.8 Правописание окончаний имён существительных, имён прилагательных и глаголов
засе_нный;я;я,е,а,о;3.7.8 Правописание окончаний имён существительных, имён прилагательных и глаголов
тащ_щий;а;а,о,ё,я;3.7.8 Правописание окончаний имён существительных, имён прилагательных и глаголов
движ_мый;и;и,ы,е;3.7.8 Правописание окончаний имён существительных, имён прилагательных и глаголов
увенч_нный;а;а,о,ё,я;3.7.8 Правописание окончаний имён существительных, имён прилагательных и глаголов
довер_нный;е;е,и,ы;3.7.8 Правописание окончаний имён существительных, имён прилагательных и глаголов
необита_мый;е;е,и,ы;3.7.8 Правописание окончаний имён существительных, имён прилагательных и глаголов
беспоко_щийся;я;я,е,а,о;3.7.8 Правописание окончаний имён существительных, имён прилагательных и глаголов
сброш_нный;е;е,и,ы;3.7.8 Правописание окончаний имён существительных, имён прилагательных и глаголов
